"Населено място","Търговски обект","Наименование на продукта","Код на продукта","Категория","Цена на дребно","Цена в промоция"
"14218","Аптека Марешки 5 / 792 / гр. Габрово, ул. Радецка 1","ДИАРОСТАД СТАДА капс 2мг х 10бр","0000315","89","3.43",""
"14218","Аптека Марешки 5 / 792 / гр. Габрово, ул. Радецка 1","ДЕРМОДРИН унгв 30г","00011485","91","4.38",""
"14218","Аптека Марешки 5 / 792 / гр. Габрово, ул. Радецка 1","ФЕНОЛАКС табл 5мг х 30бр","00080575","88","1.56",""
"14218","Аптека Марешки 5 / 792 / гр. Габрово, ул. Радецка 1","ЕЛГИДИУМ АНТИ-КАРИЕС АНТИКАРИЕСНА ПАСТА ЗА ЗЪБИ 75мл","000808263","81","4.58",""
"14218","Аптека Марешки 5 / 792 / гр. Габрово, ул. Радецка 1","БИЛКОВ ЧАЙ МАТОЧИНА филтър х 20бр","00091031","72","1.21",""
"14218","Аптека Марешки 5 / 792 / гр. Габрово, ул. Радецка 1","СЕНСОДИН ФЛУОРИД ПАСТА ЗА ЗЪБИ 75мл","00402087","81","5.17","3.62"
"14218","Аптека Марешки 5 / 792 / гр. Габрово, ул. Радецка 1","ЕКЗОДЕРИЛ крем 1% 15гр","0100006","90","6.14",""
"14218","Аптека Марешки 5 / 792 / гр. Габрово, ул. Радецка 1","ТАЛЦИД табл 500мг х 20бр","0330023","86","4.06",""
"14218","Аптека Марешки 5 / 792 / гр. Габрово, ул. Радецка 1","МУКОНАЗАЛ ПЛЮС спрей назал 10мл","0440051","97","6.62",""
"14218","Аптека Марешки 5 / 792 / гр. Габрово, ул. Радецка 1","ЕЛГИДИУМ УАЙТАНИНГ ИЗБЕЛВАЩА ПАСТА ЗА ЗЪБИ 75мл","10000406","81","5.96",""
"14218","Аптека Марешки 5 / 792 / гр. Габрово, ул. Радецка 1","СПАЗМАЛГОН инж разтвор 500мг/2мг/0.02мг 2мл х 5бр","1010211","87","3.25",""
"14218","Аптека Марешки 5 / 792 / гр. Габрово, ул. Радецка 1","НАЗИК 50мг/1мг/гр назален спрей за възрастни 10мл","1012415","97","6.53",""
"14218","Аптека Марешки 5 / 792 / гр. Габрово, ул. Радецка 1","НАЗИК 50мг/0.5мг/гр назален спрей за деца 10мл","1012416","97","4.79",""
"14218","Аптека Марешки 5 / 792 / гр. Габрово, ул. Радецка 1","ЗЕНАРО табл 5мг х 7бр","1013507","100","3.47",""
"14218","Аптека Марешки 5 / 792 / гр. Габрово, ул. Радецка 1","ЗЕНАРО табл 5мг х 28бр","1013508","100","9.11",""
"14218","Аптека Марешки 5 / 792 / гр. Габрово, ул. Радецка 1","ДИАЛГИН сашета 1000мг х 6бр","1015212","96","2.70",""
"14218","Аптека Марешки 5 / 792 / гр. Габрово, ул. Радецка 1","МИГ 400 филм табл 400мг x 10бр","1015463","94","2.56",""
"14218","Аптека Марешки 5 / 792 / гр. Габрово, ул. Радецка 1","ДИАЛГИН сашета 1000мг х 20бр","1016016","96","7.65",""
"14218","Аптека Марешки 5 / 792 / гр. Габрово, ул. Радецка 1","ПАРОДОНТАКС КЛАСИК паста за зъби 75мл","1016746","81","5.17","3.62"
"14218","Аптека Марешки 5 / 792 / гр. Габрово, ул. Радецка 1","САПУН НИЯ СЕРЕН 60гр","1017365","83","0.78",""
"14218","Аптека Марешки 5 / 792 / гр. Габрово, ул. Радецка 1","КЕТОНАЛ инж р-р 100мг/2мл х 50бр","1017915","94","16.87",""
"14218","Аптека Марешки 5 / 792 / гр. Габрово, ул. Радецка 1","СИАФЕН сусп 20мг/мл 120мл","1019045","94","3.65",""
"14218","Аптека Марешки 5 / 792 / гр. Габрово, ул. Радецка 1","КАФЕТИН МЕНСТРУАЛ филм табл 200мг х 10бр","1019299","94","3.35",""
"14218","Аптека Марешки 5 / 792 / гр. Габрово, ул. Радецка 1","НУРОФЕН табл 200мг х 24бр","1019521","94","5.30",""
"14218","Аптека Марешки 5 / 792 / гр. Габрово, ул. Радецка 1","ЙОДАСЕПТ унгв 40гр","1019744","92","3.07",""
"14218","Аптека Марешки 5 / 792 / гр. Габрово, ул. Радецка 1","НУРОФЕН сироп за деца 40мг/мл -ягода 100мл","1020049","94","5.57",""
"14218","Аптека Марешки 5 / 792 / гр. Габрово, ул. Радецка 1","БРУФЕН СР табл 800мг.х 30бр","1020323","94","6.65",""
"14218","Аптека Марешки 5 / 792 / гр. Габрово, ул. Радецка 1","БИЛКОВ ЧАЙ УСПОКОИТЕЛЕН филтър х 20бр","1020946","72","2.27",""
"14218","Аптека Марешки 5 / 792 / гр. Габрово, ул. Радецка 1","ВОЛТАРЕН ФОРТЕ гел 2,32% 50гр","1021024","95","8.85",""
"14218","Аптека Марешки 5 / 792 / гр. Габрово, ул. Радецка 1","ЛОПЕДИУМ капс 2мг х 10бр/НОВА","1022002","89","3.62",""
"14218","Аптека Марешки 5 / 792 / гр. Габрово, ул. Радецка 1","СТОПЕРАН капс 2мг х 8бр/НОВА","1022006","89","3.21",""
"14218","Аптека Марешки 5 / 792 / гр. Габрово, ул. Радецка 1","ИМОДИУМ капс 2мг х 6бр/НОВА","1022007","89","3.43",""
"14218","Аптека Марешки 5 / 792 / гр. Габрово, ул. Радецка 1","ЕЛГИДИУМ детска паста за зъби горски плод 50мл ПРОМО","1022077","81","3.64",""
"14218","Аптека Марешки 5 / 792 / гр. Габрово, ул. Радецка 1","ОТИРЕЛАКС капки за уши 15мл","1022160","101","3.98",""
"14218","Аптека Марешки 5 / 792 / гр. Габрово, ул. Радецка 1","АЛМИРАЛ ГЕЛ 1,16% 50г","1022666","95","5.35",""
"14218","Аптека Марешки 5 / 792 / гр. Габрово, ул. Радецка 1","ЛАВЕНА БОЧКО САПУН лавандула 75гр","1022761","83","0.99",""
"14218","Аптека Марешки 5 / 792 / гр. Габрово, ул. Радецка 1","ЛАВЕНА БОЧКО САПУН невен 75гр","1022769","83","0.99",""
"14218","Аптека Марешки 5 / 792 / гр. Габрово, ул. Радецка 1","НУРОФЕН ЕКСПРЕС ФОРТЕ меки капс  400мг х 10бр","1023211","94","4.98",""
"14218","Аптека Марешки 5 / 792 / гр. Габрово, ул. Радецка 1","АЛМИРАЛ гел 1.16% 250гр","1023856","95","13.57",""
"14218","Аптека Марешки 5 / 792 / гр. Габрово, ул. Радецка 1","ЕЛГИДИУМ детска паста за зъби с вкус на свежа ягода 2-6год 50мл ПРОМО","1023861","81","3.64",""
"14218","Аптека Марешки 5 / 792 / гр. Габрово, ул. Радецка 1","НУРОФЕН ФЕМИНА ФОРТЕ филм табл 512мг х 12бр","1024262","94","4.84",""
"14218","Аптека Марешки 5 / 792 / гр. Габрово, ул. Радецка 1","ЕЛГИДИУМ АНТИПЛАКА паста за зъби ПРОМО 75мл","1024352","81","4.20",""
"14218","Аптека Марешки 5 / 792 / гр. Габрово, ул. Радецка 1","ФЕЛОРАН ФОРТЕ СОФАРМА гел 5% 40гр","1024454","95","5.15",""
"14218","Аптека Марешки 5 / 792 / гр. Габрово, ул. Радецка 1","ИМОДИУМ ИНСТАНТ ородисп табл 2мг х 6бр","1025649","89","4.08",""
"14218","Аптека Марешки 5 / 792 / гр. Габрово, ул. Радецка 1","АЦЦ сироп 20мг/мл 100мл","1026426","99","7.07",""
"14218","Аптека Марешки 5 / 792 / гр. Габрово, ул. Радецка 1","ПОМОРИН КЛАСИК паста за зъби 100мл","1027148","81","1.02",""
"14218","Аптека Марешки 5 / 792 / гр. Габрово, ул. Радецка 1","АЦЕЦИС АКУТ сашети 600мг х 10бр","1028067","99","6.34",""
"14218","Аптека Марешки 5 / 792 / гр. Габрово, ул. Радецка 1","ДИАЛГИН капки 500мг/мл 20мл","1028253","96","4.38",""
"14218","Аптека Марешки 5 / 792 / гр. Габрово, ул. Радецка 1","ПРОБИЕН КИДС ЖЕЛИРАНИ МЕЧЕТА х 60бр","1029958","89","12.04",""
"14218","Аптека Марешки 5 / 792 / гр. Габрово, ул. Радецка 1","ИБУЛЕК сашети 400мг х 10бр","1030132","94","5.40",""
"14218","Аптека Марешки 5 / 792 / гр. Габрово, ул. Радецка 1","ИБУЛЕК сашети 600мг х 10бр","1030133","94","6.75",""
"14218","Аптека Марешки 5 / 792 / гр. Габрово, ул. Радецка 1","ИБУРАПИД филм табл 400мг х 10бр","1030160","94","3.64",""
"14218","Аптека Марешки 5 / 792 / гр. Габрово, ул. Радецка 1","АЦЦ еферв табл 600мг х 10бр","1030461","99","8.35",""
"14218","Аптека Марешки 5 / 792 / гр. Габрово, ул. Радецка 1","ЕКЗОДЕРИЛ крем 1% 30гр","1031358","90","9.42",""
"14218","Аптека Марешки 5 / 792 / гр. Габрово, ул. Радецка 1","ДИАЛГИН сашета 500мг х 6бр","1032408","96","2.56",""
"14218","Аптека Марешки 5 / 792 / гр. Габрово, ул. Радецка 1","КСИЗАЛ филм табл 5мг х 20бр(Бестамед)","1032706","100","10.30",""
"14218","Аптека Марешки 5 / 792 / гр. Габрово, ул. Радецка 1","КСИЗАЛ филм табл 5мг х 7бр(Бестамед)","1032816","100","4.04",""
"14218","Аптека Марешки 5 / 792 / гр. Габрово, ул. Радецка 1","ЕЛГИДИУМ ИНСПИРЕЙШЪН четка за зъби медиум ПРОМО","1033085","80","4.06",""
"14218","Аптека Марешки 5 / 792 / гр. Габрово, ул. Радецка 1","ХЕКСАЛГИН ДЕЦА сол 500мг/мл 20мл","1033246","96","5.41",""
"14218","Аптека Марешки 5 / 792 / гр. Габрово, ул. Радецка 1","АНГАЛ МЕНТОЛ табл за смучене 5мг/1мг х 24бр","1033315","98","6.36",""
"14218","Аптека Марешки 5 / 792 / гр. Габрово, ул. Радецка 1","АНГАЛ МЕНТОЛ спрей за устна лигавица 2мг/мл + 0.5мг/мл 30мл","1033316","98","9.24",""
"14218","Аптека Марешки 5 / 792 / гр. Габрово, ул. Радецка 1","АНГАЛ ЛИМОН табл за смучене 5мг/1мг х 24бр","1033317","98","7.00",""
"14218","Аптека Марешки 5 / 792 / гр. Габрово, ул. Радецка 1","КСИВОЗАН филм табл 5мг х 10бр","1033558","100","4.72",""
"14218","Аптека Марешки 5 / 792 / гр. Габрово, ул. Радецка 1","ИБУПРОМ СПРИНТ МАКС капс 400мг х 10бр","1033579","94","4.77",""
"14218","Аптека Марешки 5 / 792 / гр. Габрово, ул. Радецка 1","КЕТОНАЛ капс 50мг х 20бр","1033870","94","6.52",""
"14218","Аптека Марешки 5 / 792 / гр. Габрово, ул. Радецка 1","ДИКЛАК МАКС 5% гел 50мг/гр 50гр","1034135","95","6.74",""
"14218","Аптека Марешки 5 / 792 / гр. Габрово, ул. Радецка 1","ДИАЛГИН ДЕЦА капки 500мг/мл 20мл","1034831","96","4.36",""
"14218","Аптека Марешки 5 / 792 / гр. Габрово, ул. Радецка 1","ЕЛГИДИУМ УСПОКОЯВАЩА ПАСТА ЗА ЗЪБИ РАЗДРАЗНЕНИ ВЕНЦИ 75мл","1035074","81","6.63",""
"14218","Аптека Марешки 5 / 792 / гр. Габрово, ул. Радецка 1","ЕЛГИДИУМ МУЛТИЕКШЪН МУЛТИФУНКЦИОНАЛНА ПАСТА ЗА ЗЪБИ 75мл","1035076","81","6.09",""
"14218","Аптека Марешки 5 / 792 / гр. Габрово, ул. Радецка 1","ЕЛГИДИУМ КЛИНИК ПЕРИОБЛОК КЕЪР паста за зъби 75мл","1035077","81","6.63",""
"14218","Аптека Марешки 5 / 792 / гр. Габрово, ул. Радецка 1","ЕЛАКСА ПИКО табл 5мг х 20бр","1035891","88","4.38",""
"14218","Аптека Марешки 5 / 792 / гр. Габрово, ул. Радецка 1","ОТРИВИН ПЛЮС 1мг/мл + 50мг/мл спрей за нос 0.05% 10мл","1036062","97","6.52",""
"14218","Аптека Марешки 5 / 792 / гр. Габрово, ул. Радецка 1","БЕНАЛГИН РАПИД прах за перорален разтвор х 10бр","1036402","96","3.66",""
"14218","Аптека Марешки 5 / 792 / гр. Габрово, ул. Радецка 1","КЕТОНАЛ ИНТЕНЗИВ сашети 50мг х 12бр","1036474","94","7.34",""
"14218","Аптека Марешки 5 / 792 / гр. Габрово, ул. Радецка 1","ЕНТЕРОЛ прах за перорална сусп 250мг х 20бр","1036640","89","12.84",""
"14218","Аптека Марешки 5 / 792 / гр. Габрово, ул. Радецка 1","ЕНТЕРОЛ капс 250мг х 12бр","1036641","89","6.76",""
"14218","Аптека Марешки 5 / 792 / гр. Габрово, ул. Радецка 1","ФАРИНГОСЕПТ табл за смучене 8.75мг х 20бр","1036864","98","4.30",""
"14218","Аптека Марешки 5 / 792 / гр. Габрово, ул. Радецка 1","ИНТИМО ХЕЛП мокри кърпи алое х 20бр","1036900","84","1.88",""
"14218","Аптека Марешки 5 / 792 / гр. Габрово, ул. Радецка 1","АНАЛГИН МАКС сашети 1000мг х 20бр","1036936","96","7.32",""
"14218","Аптека Марешки 5 / 792 / гр. Габрово, ул. Радецка 1","ОКЛИС /ЕКСПРЕС/ гранули за перорален р-р сашети 400мг х 20бр","1037039","94","9.20",""
"14218","Аптека Марешки 5 / 792 / гр. Габрово, ул. Радецка 1","ОКЛИС ФОРТЕ гранули за перорален р-р сашети 600мг х 10бр","1037040","94","6.16",""
"14218","Аптека Марешки 5 / 792 / гр. Габрово, ул. Радецка 1","ИБУРАПИД филм табл 400мг х 20бр","1037043","94","5.80",""
"14218","Аптека Марешки 5 / 792 / гр. Габрово, ул. Радецка 1","ИБУЛЕК ЗА ДЕЦА 100мг/5мл перорална сусп х 120мл","1037617","94","3.71",""
"14218","Аптека Марешки 5 / 792 / гр. Габрово, ул. Радецка 1","СТРЕПСИЛС ИНТЕНЗИВ МЕД И ЛИМОН спрей 8.75мг/доза разтвор 15мл","1037781","98","7.21",""
"14218","Аптека Марешки 5 / 792 / гр. Габрово, ул. Радецка 1","ЕЛГИДИУМ КЛИНИК ПЕРИОБЛОК ПРО ПАСТА ЗА ЗЪБИ 50мл","1037937","81","6.90",""
"14218","Аптека Марешки 5 / 792 / гр. Габрово, ул. Радецка 1","АЦЦ МЕД И ЛИМОН САШЕТИ 600МГ Х 10БР","1037947","99","8.50",""
"14218","Аптека Марешки 5 / 792 / гр. Габрово, ул. Радецка 1","ЕНТЕРОЛ капс 250мг х 30бр","1038032","89","14.82",""
"14218","Аптека Марешки 5 / 792 / гр. Габрово, ул. Радецка 1","ПОМОРИН ПАРАДОНТИТ  АКТИВ паста за зъби 100мл","1038104","81","1.40",""
"14218","Аптека Марешки 5 / 792 / гр. Габрово, ул. Радецка 1","ПОМОРИН АКТИВ ШАРКОАЛ паста за зъби 100мл","1038105","81","1.40",""
"14218","Аптека Марешки 5 / 792 / гр. Габрово, ул. Радецка 1","ПСИЛО - БАЛСАМ гел 1% 50гр","1038455","91","8.21",""
"14218","Аптека Марешки 5 / 792 / гр. Габрово, ул. Радецка 1","ПАНАКТИВ БЕЙБИ 125мг супозитории х 5бр","1038798","94","3.26",""
"14218","Аптека Марешки 5 / 792 / гр. Габрово, ул. Радецка 1","ПАНАКТИВ БЕЙБИ 60мг супозитории х 5бр","1038799","94","2.90",""
"14218","Аптека Марешки 5 / 792 / гр. Габрово, ул. Радецка 1","ДИАРИД ПРО табл 2мг х 10бр","1039091","89","2.87",""
"14218","Аптека Марешки 5 / 792 / гр. Габрово, ул. Радецка 1","НИЗОРАЛ шампоан 2% 100мл","1039141","90","13.46",""
"14218","Аптека Марешки 5 / 792 / гр. Габрово, ул. Радецка 1","КСИЛОДЕКС 1мг/мл + 50мг/мл спрей за нос разтвор 10мл","1039190","97","4.79",""
"14218","Аптека Марешки 5 / 792 / гр. Габрово, ул. Радецка 1","КСИЛОДЕКС 0.5мг/мл + 50мг/мл спрей за нос разтвор 10мл","1039239","97","4.58",""
"14218","Аптека Марешки 5 / 792 / гр. Габрово, ул. Радецка 1","ЕНТЕРОЛ прах за перорална сусп 250мг х 6бр","1039305","89","4.37",""
"14218","Аптека Марешки 5 / 792 / гр. Габрово, ул. Радецка 1","АНГАЛ ЛИМОН спрей за устна лигавица 2мг/мл + 0.5мг/мл х 30мл","1039306","98","9.33",""
"14218","Аптека Марешки 5 / 792 / гр. Габрово, ул. Радецка 1","ЛОПЕРАМИД ЕКОФАРМ табл 2мг х 10бр","1039439","89","2.50",""
"14218","Аптека Марешки 5 / 792 / гр. Габрово, ул. Радецка 1","КЪРПИ МОКРИ ЗА БЕБЕ ВМ с капак х 72бр","1039443","84","1.12",""
"14218","Аптека Марешки 5 / 792 / гр. Габрово, ул. Радецка 1","НУРОФЕН ФОРТЕ табл 400мг х 24бр","1039668","94","7.26",""
"14218","Аптека Марешки 5 / 792 / гр. Габрово, ул. Радецка 1","КСИЗАЛ перорален разтвор 0.5мг/мл 200мл","1039669","100","4.99",""
"14218","Аптека Марешки 5 / 792 / гр. Габрово, ул. Радецка 1","ДРОПЛЕКС капки за уши разтвор 15мл","1039748","101","3.77",""
"14218","Аптека Марешки 5 / 792 / гр. Габрово, ул. Радецка 1","КЕТОФЛЕКС инж разтвор 50мг/мл 2мл х 10бр","1040004","94","9.45",""
"14218","Аптека Марешки 5 / 792 / гр. Габрово, ул. Радецка 1","ДИКЛОФЛЕКС 5% гел флакон 50гр","1040104","95","6.68",""
"14218","Аптека Марешки 5 / 792 / гр. Габрово, ул. Радецка 1","КЕТАЛГО гранули за перорален р-р в сашети 50мг х 12бр","1040324","94","6.88",""
"14218","Аптека Марешки 5 / 792 / гр. Габрово, ул. Радецка 1","ИБУПРОМ СПРИНТ МАКС капс 400мг х 20бр","1040342","94","8.08",""
"14218","Аптека Марешки 5 / 792 / гр. Габрово, ул. Радецка 1","КСАЛЕРГАН 5мг/мл перорални капки разтвор 20 мл","1040383","100","4.86",""
"14218","Аптека Марешки 5 / 792 / гр. Габрово, ул. Радецка 1","ХЕКСОРАЛЕТЕН Н табл за смучене 16бр","1040461","98","5.75",""
"14218","Аптека Марешки 5 / 792 / гр. Габрово, ул. Радецка 1","КСАЛЕРГАН филм табл 5мг х 20бр","1040575","100","7.76",""
"14218","Аптека Марешки 5 / 792 / гр. Габрово, ул. Радецка 1","ДИКЛАК МАКС 5% гел 150гр","1040706","95","13.07",""
"14218","Аптека Марешки 5 / 792 / гр. Габрово, ул. Радецка 1","ЛАКАЛУТ МУЛТИ ЕФЕКТ ПЛЮС паста за зъби 75мл","1040858","81","3.59",""
"14218","Аптека Марешки 5 / 792 / гр. Габрово, ул. Радецка 1","ВОЛТАРЕН ЕМУЛГЕЛ гел 1.16% 100 г","1041032","95","9.80",""
"14218","Аптека Марешки 5 / 792 / гр. Габрово, ул. Радецка 1","ФЕЛОРАН ФОРТЕ СОФАРМА гел 5% 120гр","1041093","95","8.06",""
"14218","Аптека Марешки 5 / 792 / гр. Габрово, ул. Радецка 1","АЛЕРГОЗАН крем 1% 60гр","1041094","91","7.39",""
"14218","Аптека Марешки 5 / 792 / гр. Габрово, ул. Радецка 1","ЕЛГИДИУМ ЕМОДЖИ Детска паста за зъби тути фрути 7-12 години 50мл/ПРОМО","1041141","81","7.29",""
"14218","Аптека Марешки 5 / 792 / гр. Габрово, ул. Радецка 1","ЕЛГИДИУМ КЛИНИК СЕНСИЛИЙВ паста за зъби 50мл","1041158","81","6.22",""
"14218","Аптека Марешки 5 / 792 / гр. Габрово, ул. Радецка 1","ТРАКТУС 600мг прах за перорален разтвор сашети х 10бр","1041202","99","5.91",""
"14218","Аптека Марешки 5 / 792 / гр. Габрово, ул. Радецка 1","ЛАКС перорални капки 7.5мг/мл 20мл","1041213","88","4.26",""
"14218","Аптека Марешки 5 / 792 / гр. Габрово, ул. Радецка 1","РЕСПИФОРТИН ефф табл 600мг х 10бр","1041318","99","7.09",""
"14218","Аптека Марешки 5 / 792 / гр. Габрово, ул. Радецка 1","ПАРАБОЛ МАКС меки капс 400мг х 10бр","1041397","94","4.79",""
"14218","Аптека Марешки 5 / 792 / гр. Габрово, ул. Радецка 1","ОРОФАР МИНТ пресовани табл за смучене х 24бр","1041706","98","6.04",""
"14218","Аптека Марешки 5 / 792 / гр. Габрово, ул. Радецка 1","ИБУПРОМ ФОРТЕ филм табл 400мг х 12бр","1041707","94","3.37",""
"14218","Аптека Марешки 5 / 792 / гр. Габрово, ул. Радецка 1","ДИКЛАК 12 часа гел 23,2мг/г 50гр","1041923","95","8.17",""
"14218","Аптека Марешки 5 / 792 / гр. Габрово, ул. Радецка 1","МОБИЛАТ емулгел 2.32% 50г","1042055","95","8.30",""
"14218","Аптека Марешки 5 / 792 / гр. Габрово, ул. Радецка 1","ПОМОРИН УАЙТЪНИНГ ФОРМУЛА паста за зъби 100мл","1042108","81","1.02",""
"14218","Аптека Марешки 5 / 792 / гр. Габрово, ул. Радецка 1","БУСКОЛИЗИН обвити табл 10мг х 30бр","1042116","87","3.64",""
"14218","Аптека Марешки 5 / 792 / гр. Габрово, ул. Радецка 1","ЕЛГИДИУМ АНТИ-КАРИЕС ПАСТА ЗА ЗЪБИ ЗА ЗАЩИТА ОТ КАРИЕС 75мл","1042229","81","5.72",""
"14218","Аптека Марешки 5 / 792 / гр. Габрово, ул. Радецка 1","ОРОФАР ИНТЕНС спрей 15мл","1042241","98","7.77",""
"14218","Аптека Марешки 5 / 792 / гр. Габрово, ул. Радецка 1","ОЛИНТ ДУО спрей за нос 1мг/мл + 50мг/мл 10мл","1042282","97","6.18",""
"14218","Аптека Марешки 5 / 792 / гр. Габрово, ул. Радецка 1","ДУЛКОЛАКС супозитории 10мг х 6бр","1042352","88","5.58",""
"14218","Аптека Марешки 5 / 792 / гр. Габрово, ул. Радецка 1","БИЛЕК ЧАЙ НА ПРОФ ЛАМБРЕВ БЪБРЕЦИ сашети х 30бр","1042412","72","2.69",""
"14218","Аптека Марешки 5 / 792 / гр. Габрово, ул. Радецка 1","КЕТАЛГО филм табл 25мг х 10бр","1042726","94","4.72",""
"14218","Аптека Марешки 5 / 792 / гр. Габрово, ул. Радецка 1","ВОЛТАРЕН лечебен пластир 140мг х 5бр","1042949","95","16.67",""
"14218","Аптека Марешки 5 / 792 / гр. Габрово, ул. Радецка 1","СТРЕПСИЛС ИНТЕНЗИВ МЕД И ЕВКАЛИПТ без захар табл за смучене х 16бр","1043362","98","4.96",""
"14218","Аптека Марешки 5 / 792 / гр. Габрово, ул. Радецка 1","ЕЛГИДИУМ 4в1 четка за зъби медиум","1043720","80","8.95",""
"14218","Аптека Марешки 5 / 792 / гр. Габрово, ул. Радецка 1","ЕНТЕРОЛ ФОРТЕ прах за перорална сусп 500мг х 10бр","1043937","89","9.26",""
"14218","Аптека Марешки 5 / 792 / гр. Габрово, ул. Радецка 1","ПАРАБОЛ МАКС меки капс 400мг х 20бр","1043939","94","8.04",""
"14218","Аптека Марешки 5 / 792 / гр. Габрово, ул. Радецка 1","НУРОФЕН ЕКСПРЕС ФОРТЕ компакт меки капс х 10бр","1044060","94","5.30",""
"14218","Аптека Марешки 5 / 792 / гр. Габрово, ул. Радецка 1","КРИСПА САПУН ГЛИЦЕРИН 100гр","1044065","83","1.26",""
"14218","Аптека Марешки 5 / 792 / гр. Габрово, ул. Радецка 1","ПОМОРИН ПАСТА ЗА ЗЪБИ ХЕРБАЛ ЛАЙКА И СМРАДЛИКА 100мл","1044134","81","1.40",""
"14218","Аптека Марешки 5 / 792 / гр. Габрово, ул. Радецка 1","ЕФИЗОЛ ИНТЕНЗ табл за смучене 8.75мг х 24бр","1044197","98","6.46",""
"14218","Аптека Марешки 5 / 792 / гр. Габрово, ул. Радецка 1","МОБИЛАТ емулгел 2.32% 180г","1044353","95","18.70",""
"14218","Аптека Марешки 5 / 792 / гр. Габрово, ул. Радецка 1","ЕФИЗОЛ ИНТЕНЗ спрей за уста 8.75мг/доза 15мл","1044808","98","7.27",""
"14218","Аптека Марешки 5 / 792 / гр. Габрово, ул. Радецка 1","ИЗВОРНА ВОДА БАЛДАРАН 1.5л","119","73","0.61",""
"14218","Аптека Марешки 5 / 792 / гр. Габрово, ул. Радецка 1","БИОПРОГРАМА ЧАЙ МЕНТА","14207003","72","0.96",""
"14218","Аптека Марешки 5 / 792 / гр. Габрово, ул. Радецка 1","БИОПРОГРАМА ЧАЙ МЕЧО ГРОЗДЕ","142070051","72","0.99",""
"14218","Аптека Марешки 5 / 792 / гр. Габрово, ул. Радецка 1","БИОПРОГРАМА ЧАЙ ЖЪЛТ КАНТАРИОН","142070052","72","0.91",""
"14218","Аптека Марешки 5 / 792 / гр. Габрово, ул. Радецка 1","БИОПРОГРАМА ЧАЙ МАЩЕРКА","142070053","72","1.16",""
"14218","Аптека Марешки 5 / 792 / гр. Габрово, ул. Радецка 1","БИОПРОГРАМА ЧАЙ ЛАЙКА","142070055","72","0.96",""
"14218","Аптека Марешки 5 / 792 / гр. Габрово, ул. Радецка 1","БИОПРОГРАМА ЧАЙ СЕНА","14207011","72","0.95",""
"14218","Аптека Марешки 5 / 792 / гр. Габрово, ул. Радецка 1","ЕТИЛОВ СПИРТ 95% 1л","20000028","92","6.29",""
"14218","Аптека Марешки 5 / 792 / гр. Габрово, ул. Радецка 1","ДУЛКОЛАКС ПИКО капки 7.5мг 15мл","2000063","88","5.75",""
"14218","Аптека Марешки 5 / 792 / гр. Габрово, ул. Радецка 1","ЕТИЛОВ СПИРТ 70% 1л","20000996","92","5.23",""
"14218","Аптека Марешки 5 / 792 / гр. Габрово, ул. Радецка 1","КЕТОКОНАЗОЛ/КЕТОЗАЛ/ шампоан 60мл","29001028","90","7.17",""
"14218","Аптека Марешки 5 / 792 / гр. Габрово, ул. Радецка 1","ВОЛТАРЕН Емулгел 1.16% гел 50г","31000856","95","6.24",""
"14218","Аптека Марешки 5 / 792 / гр. Габрово, ул. Радецка 1","ИМОМЕД табл 2мг x 10бр","4100000406","89","2.38",""
"14218","Аптека Марешки 5 / 792 / гр. Габрово, ул. Радецка 1","ЕЛГИДИУМ АНТИ-ПЛАКА АНТИПЛАКОВА ПАСТА ЗА ЗЪБИ 100мл","50000300","81","6.76",""
"14218","Аптека Марешки 5 / 792 / гр. Габрово, ул. Радецка 1","БИОПРОГРАМА ЧАЙ БИОГАСТРО/ЧАЙ ЗА СТОМАХ","50000954","72","0.99",""
"14218","Аптека Марешки 5 / 792 / гр. Габрово, ул. Радецка 1","САНИЕ БИЛКОВ ЧАЙ ЗА ОТСЛАБВАНЕ КИТАЙ х 30бр класик","7000011","72","3.88",""
"14218","Аптека Марешки 5 / 792 / гр. Габрово, ул. Радецка 1","КСИЗАЛ сол 5мг/мл 20мл","7000425","100","4.93",""
"14218","Аптека Марешки 5 / 792 / гр. Габрово, ул. Радецка 1","САНИЕ БИЛКОВ ЧАЙ ЗА ОТСЛАБВАНЕ КИТАЙ/с бамбукови връхчета/х 30бр","9000120","72","4.27",""
"14218","Аптека Марешки 5 / 792 / гр. Габрово, ул. Радецка 1","БИОПРОГРАМА чай БИОБРОНХО","9000153","72","0.99",""
"14218","Аптека Марешки 5 / 792 / гр. Габрово, ул. Радецка 1","АЛЕРГОЗАН табл 25мг х 20бр","9020001","100","3.73",""
"14218","Аптека Марешки 5 / 792 / гр. Габрово, ул. Радецка 1","АЛЕРГОЗАН крем 1% 18гр","9021003","91","4.08",""
"14218","Аптека Марешки 5 / 792 / гр. Габрово, ул. Радецка 1","ФУРОТАЛГИН разтвор 5мл","9021024","101","5.81",""
"14218","Аптека Марешки 5 / 792 / гр. Габрово, ул. Радецка 1","БИЗАКОДИЛ супоз 5мг х 6бр","9021081","88","2.19",""
"14218","Аптека Марешки 5 / 792 / гр. Габрово, ул. Радецка 1","БИЗАКОДИЛ супозитории 10мг х 6бр","9021082","88","2.86",""
"14218","Аптека Марешки 5 / 792 / гр. Габрово, ул. Радецка 1","АНАЛГИН инж разтвор 500мг/мл 2мл х 10бр","9022005","96","6.94",""
"14218","Аптека Марешки 5 / 792 / гр. Габрово, ул. Радецка 1","БУСКОЛИЗИН инж разтвор 20мг/мл 1мл х 10бр","9022010","87","7.45",""
"14218","Аптека Марешки 5 / 792 / гр. Габрово, ул. Радецка 1","БЕНАЛГИН табл 500мг х 20бр","9030014","96","2.76",""
"14218","Аптека Марешки 5 / 792 / гр. Габрово, ул. Радецка 1","БИЗАЛАКС филм табл 5мг х 30бр","9030016","88","2.21",""
"14218","Аптека Марешки 5 / 792 / гр. Габрово, ул. Радецка 1","СПАЗМАЛГОН табл х 20бр","9030104","87","3.61",""
"14218","Аптека Марешки 5 / 792 / гр. Габрово, ул. Радецка 1","АЦЕТИЗАЛ табл 500мг х 20бр","9030167","96","1.34",""
"14218","Аптека Марешки 5 / 792 / гр. Габрово, ул. Радецка 1","АЛМАГЕЛ А АКТАВИС сусп 170мл","9040002","86","3.87",""
"14218","Аптека Марешки 5 / 792 / гр. Габрово, ул. Радецка 1","ЙОДАСЕПТ унгв 90гр","9040085","92","4.27",""
"14218","Аптека Марешки 5 / 792 / гр. Габрово, ул. Радецка 1","БИЛКОВ ЧАЙ ЕНТЕРОЛИН филтър х 20бр","999010174","72","2.27",""
"14218","Аптека Марешки 5 / 792 / гр. Габрово, ул. Радецка 1","ЧАЙ ЗА ОТСЛАБВАНЕ ИНХУА МАКС х 32бр","99906011","72","4.87",""
"14218","Аптека Марешки 5 / 792 / гр. Габрово, ул. Радецка 1","ОТИПАКС капки за уши","BIOC001","101","3.91",""
"14218","Аптека Марешки 5 / 792 / гр. Габрово, ул. Радецка 1","НУРОФЕН СИРОП ЗА ДЕЦА С ВКУС НА ПОРТОКАЛ 100мг/5мл 100мл","BOO0006","94","4.04",""
"14218","Аптека Марешки 5 / 792 / гр. Габрово, ул. Радецка 1","НУРОФЕН табл 200мг х 12бр","BOO0007","94","3.27",""
"14218","Аптека Марешки 5 / 792 / гр. Габрово, ул. Радецка 1","НУРОФЕН СТОПКОЛД табл х 12бр","BOO0008","94","4.27",""
"14218","Аптека Марешки 5 / 792 / гр. Габрово, ул. Радецка 1","ЛАВАНДУЛОВ СПИРТ 1л","BUR0026","92","8.16",""
"14218","Аптека Марешки 5 / 792 / гр. Габрово, ул. Радецка 1","ХЕКСАЛГИН сол.500мг/мл  - 20мл","HEXA025","96","5.19",""
"14218","Аптека Марешки 5 / 792 / гр. Габрово, ул. Радецка 1","ФЛЕКСИСТАД филм табл 400мг х 20бр","MF156","94","4.12",""
"14218","Аптека Марешки 5 / 792 / гр. Габрово, ул. Радецка 1","ФЛЕКСИСТАД филм табл 600мг х 20бр","MF157","94","6.26",""
"14218","Аптека Марешки 5 / 792 / гр. Габрово, ул. Радецка 1","ФЛЕКСИСТАД филм табл 800мг х 20бр","MF179","94","7.04",""
"14218","Аптека Марешки 5 / 792 / гр. Габрово, ул. Радецка 1","АЦЦ сашети 200мг х 20бр","RF083","99","7.03",""
"07603","Аптека Марешки Бяла / 839 / гр. Бяла, ул Стефан Стамболов №42","ДИАРОСТАД СТАДА капс 2мг х 10бр","0000315","89","3.12","2.65"
"07603","Аптека Марешки Бяла / 839 / гр. Бяла, ул Стефан Стамболов №42","ДЕРМОДРИН унгв 30г","00011485","91","4.60","3.91"
"07603","Аптека Марешки Бяла / 839 / гр. Бяла, ул Стефан Стамболов №42","ФЕНОЛАКС табл 5мг х 30бр","00080575","88","1.56","1.33"
"07603","Аптека Марешки Бяла / 839 / гр. Бяла, ул Стефан Стамболов №42","ЕЛГИДИУМ АНТИ-КАРИЕС АНТИКАРИЕСНА ПАСТА ЗА ЗЪБИ 75мл","000808263","81","6.91",""
"07603","Аптека Марешки Бяла / 839 / гр. Бяла, ул Стефан Стамболов №42","БИЛКОВ ЧАЙ МАТОЧИНА филтър х 20бр","00091031","72","1.21",""
"07603","Аптека Марешки Бяла / 839 / гр. Бяла, ул Стефан Стамболов №42","СЕНСОДИН ФЛУОРИД ПАСТА ЗА ЗЪБИ 75мл","00402087","81","5.50","3.85"
"07603","Аптека Марешки Бяла / 839 / гр. Бяла, ул Стефан Стамболов №42","ПАРОДОНТАКС ФЛУОР ПАСТА ЗА ЗЪБИ 75мл","00402088","81","5.50","3.85"
"07603","Аптека Марешки Бяла / 839 / гр. Бяла, ул Стефан Стамболов №42","ЕЛГИДИУМ АНТИ-ПЛАКА АНТИПЛАКОВА ПАСТА ЗА ЗЪБИ 75мл","00504002","81","6.27",""
"07603","Аптека Марешки Бяла / 839 / гр. Бяла, ул Стефан Стамболов №42","БИЛКАДЕНТ Паста за Зъби АНТИПАРОДОНТ ЧЕРЕША 75мл","00902212","81","2.61",""
"07603","Аптека Марешки Бяла / 839 / гр. Бяла, ул Стефан Стамболов №42","ЕКЗОДЕРИЛ крем 1% 15гр","0100006","90","6.14","5.22"
"07603","Аптека Марешки Бяла / 839 / гр. Бяла, ул Стефан Стамболов №42","ТАЛЦИД табл 500мг х 20бр","0330023","86","4.06","3.45"
"07603","Аптека Марешки Бяла / 839 / гр. Бяла, ул Стефан Стамболов №42","МУКОНАЗАЛ ПЛЮС спрей назал 10мл","0440051","97","6.62","5.63"
"07603","Аптека Марешки Бяла / 839 / гр. Бяла, ул Стефан Стамболов №42","ЕЛГИДИУМ УАЙТАНИНГ ИЗБЕЛВАЩА ПАСТА ЗА ЗЪБИ 75мл","10000406","81","6.91",""
"07603","Аптека Марешки Бяла / 839 / гр. Бяла, ул Стефан Стамболов №42","БИОПРОГРАМА ЧАЙ БИОКАРДИО/ЧАЙ ЗА СЪРЦЕ","10000740","72","0.99",""
"07603","Аптека Марешки Бяла / 839 / гр. Бяла, ул Стефан Стамболов №42","СПАЗМАЛГОН инж разтвор 500мг/2мг/0.02мг 2мл х 5бр","1010211","87","3.25","3.09"
"07603","Аптека Марешки Бяла / 839 / гр. Бяла, ул Стефан Стамболов №42","НАЗИК 50мг/1мг/гр назален спрей за възрастни 10мл","1012415","97","6.52","5.54"
"07603","Аптека Марешки Бяла / 839 / гр. Бяла, ул Стефан Стамболов №42","НАЗИК 50мг/0.5мг/гр назален спрей за деца 10мл","1012416","97","4.79","4.07"
"07603","Аптека Марешки Бяла / 839 / гр. Бяла, ул Стефан Стамболов №42","ЗЕНАРО табл 5мг х 7бр","1013507","100","3.48","2.95"
"07603","Аптека Марешки Бяла / 839 / гр. Бяла, ул Стефан Стамболов №42","ЗЕНАРО табл 5мг х 28бр","1013508","100","9.11","7.74"
"07603","Аптека Марешки Бяла / 839 / гр. Бяла, ул Стефан Стамболов №42","ДИАЛГИН сашета 1000мг х 6бр","1015212","96","2.70","2.29"
"07603","Аптека Марешки Бяла / 839 / гр. Бяла, ул Стефан Стамболов №42","ПАРОДОНТАКС ИЗБЕЛВАЩА паста за зъби 75мл","1016013","81","5.50","3.85"
"07603","Аптека Марешки Бяла / 839 / гр. Бяла, ул Стефан Стамболов №42","ДИАЛГИН сашета 1000мг х 20бр","1016016","96","7.64","6.49"
"07603","Аптека Марешки Бяла / 839 / гр. Бяла, ул Стефан Стамболов №42","ПАРОДОНТАКС КЛАСИК паста за зъби 75мл","1016746","81","5.50","3.85"
"07603","Аптека Марешки Бяла / 839 / гр. Бяла, ул Стефан Стамболов №42","КАФЕТИН МЕНСТРУАЛ филм табл 200мг х 10бр","1019299","94","3.34","2.84"
"07603","Аптека Марешки Бяла / 839 / гр. Бяла, ул Стефан Стамболов №42","ЙОДАСЕПТ унгв 40гр","1019744","92","3.07","2.61"
"07603","Аптека Марешки Бяла / 839 / гр. Бяла, ул Стефан Стамболов №42","НУРОФЕН сироп за деца 40мг/мл -ягода 100мл","1020049","94","5.57","4.73"
"07603","Аптека Марешки Бяла / 839 / гр. Бяла, ул Стефан Стамболов №42","БРУФЕН СР табл 800мг.х 30бр","1020323","94","6.65","6.32"
"07603","Аптека Марешки Бяла / 839 / гр. Бяла, ул Стефан Стамболов №42","АРОМА Мокри Кърпи КЛИЙН ЕНД ФРЕШ ЧЕРЕША х 15бр","1020755","84","0.50",""
"07603","Аптека Марешки Бяла / 839 / гр. Бяла, ул Стефан Стамболов №42","БИЛКОВ ЧАЙ УСПОКОИТЕЛЕН филтър х 20бр","1020946","72","2.27",""
"07603","Аптека Марешки Бяла / 839 / гр. Бяла, ул Стефан Стамболов №42","ВОЛТАРЕН ФОРТЕ гел 2,32% 50гр","1021024","95","8.85","7.52"
"07603","Аптека Марешки Бяла / 839 / гр. Бяла, ул Стефан Стамболов №42","ЛОПЕДИУМ капс 2мг х 10бр/НОВА","1022002","89","3.62","3.08"
"07603","Аптека Марешки Бяла / 839 / гр. Бяла, ул Стефан Стамболов №42","СТОПЕРАН капс 2мг х 8бр/НОВА","1022006","89","3.21","2.73"
"07603","Аптека Марешки Бяла / 839 / гр. Бяла, ул Стефан Стамболов №42","ИМОДИУМ капс 2мг х 6бр/НОВА","1022007","89","3.42","2.91"
"07603","Аптека Марешки Бяла / 839 / гр. Бяла, ул Стефан Стамболов №42","АЛМИРАЛ ГЕЛ 1,16% 50г","1022666","95","5.35","4.55"
"07603","Аптека Марешки Бяла / 839 / гр. Бяла, ул Стефан Стамболов №42","БИОПРОГРАМА чай дребноцветна върбовка","1022921","72","1.79",""
"07603","Аптека Марешки Бяла / 839 / гр. Бяла, ул Стефан Стамболов №42","НУРОФЕН ЕКСПРЕС ФОРТЕ меки капс  400мг х 10бр","1023211","94","4.98","4.23"
"07603","Аптека Марешки Бяла / 839 / гр. Бяла, ул Стефан Стамболов №42","ЕЛГИДИУМ ИЗБЕЛВАЩА четка за зъби М ПРОМО","1023462","80","4.23",""
"07603","Аптека Марешки Бяла / 839 / гр. Бяла, ул Стефан Стамболов №42","НУРОФЕН ФЕМИНА ФОРТЕ филм табл 512мг х 12бр","1024262","94","4.84","4.11"
"07603","Аптека Марешки Бяла / 839 / гр. Бяла, ул Стефан Стамболов №42","ФЕЛОРАН ФОРТЕ СОФАРМА гел 5% 40гр","1024454","95","5.15","4.38"
"07603","Аптека Марешки Бяла / 839 / гр. Бяла, ул Стефан Стамболов №42","ИМОДИУМ ИНСТАНТ ородисп табл 2мг х 6бр","1025649","89","4.08","3.47"
"07603","Аптека Марешки Бяла / 839 / гр. Бяла, ул Стефан Стамболов №42","ЕЛГИДИУМ ИЗБЕЛВАЩА ПАСТА ЗА ЗЪБИ ПРОМО 75мл","1025662","81","6.91",""
"07603","Аптека Марешки Бяла / 839 / гр. Бяла, ул Стефан Стамболов №42","АЦЦ сироп 20мг/мл 100мл","1026426","99","7.07","6.01"
"07603","Аптека Марешки Бяла / 839 / гр. Бяла, ул Стефан Стамболов №42","ДОЛОРЕН филм табл 400мг х 12бр","1026942","94","2.45","2.08"
"07603","Аптека Марешки Бяла / 839 / гр. Бяла, ул Стефан Стамболов №42","ПОМОРИН КЛАСИК паста за зъби 100мл","1027148","81","1.08",""
"07603","Аптека Марешки Бяла / 839 / гр. Бяла, ул Стефан Стамболов №42","ПОМОРИН АНТИПАРОДОНТОЗА паста за зъби 100мл","1027149","81","1.08",""
"07603","Аптека Марешки Бяла / 839 / гр. Бяла, ул Стефан Стамболов №42","СТРЕПСИЛС ИНТЕНЗИВ спрей 8.75мг/доза разтвор 15мл","1030081","98","7.21","6.13"
"07603","Аптека Марешки Бяла / 839 / гр. Бяла, ул Стефан Стамболов №42","ИБУЛЕК сашети 400мг х 10бр","1030132","94","5.40","4.59"
"07603","Аптека Марешки Бяла / 839 / гр. Бяла, ул Стефан Стамболов №42","ИБУЛЕК сашети 600мг х 10бр","1030133","94","6.76","5.74"
"07603","Аптека Марешки Бяла / 839 / гр. Бяла, ул Стефан Стамболов №42","ИБУРАПИД филм табл 400мг х 10бр","1030160","94","3.65","3.10"
"07603","Аптека Марешки Бяла / 839 / гр. Бяла, ул Стефан Стамболов №42","ЕКЗОДЕРИЛ крем 1% 30гр","1031358","90","9.42","8.01"
"07603","Аптека Марешки Бяла / 839 / гр. Бяла, ул Стефан Стамболов №42","ПАРОДОНТАКС УЛТРА КЛИЙН паста за зъби 75мл","1031439","81","5.50","3.85"
"07603","Аптека Марешки Бяла / 839 / гр. Бяла, ул Стефан Стамболов №42","СТРЕПСИЛС ИНТЕНЗИВ пастили х 24бр","1031974","98","7.21","6.13"
"07603","Аптека Марешки Бяла / 839 / гр. Бяла, ул Стефан Стамболов №42","СЕНСОДИН АДВАНС КЛИЙН паста за зъби 75мл","1032148","81","5.50","3.85"
"07603","Аптека Марешки Бяла / 839 / гр. Бяла, ул Стефан Стамболов №42","КСИЗАЛ филм табл 5мг х 20бр(Бестамед)","1032706","100","10.30","8.75"
"07603","Аптека Марешки Бяла / 839 / гр. Бяла, ул Стефан Стамболов №42","КСИЗАЛ филм табл 5мг х 7бр(Бестамед)","1032816","100","4.04","3.44"
"07603","Аптека Марешки Бяла / 839 / гр. Бяла, ул Стефан Стамболов №42","АЛВЕСТА БЕБЕШКИ МОКРИ КЪРПИ х 72бр","1033053","84","0.99",""
"07603","Аптека Марешки Бяла / 839 / гр. Бяла, ул Стефан Стамболов №42","ХЕКСАЛГИН ДЕЦА сол 500мг/мл 20мл","1033246","96","5.15","4.38"
"07603","Аптека Марешки Бяла / 839 / гр. Бяла, ул Стефан Стамболов №42","АНГАЛ МЕНТОЛ табл за смучене 5мг/1мг х 24бр","1033315","98","6.36","5.41"
"07603","Аптека Марешки Бяла / 839 / гр. Бяла, ул Стефан Стамболов №42","АНГАЛ МЕНТОЛ спрей за устна лигавица 2мг/мл + 0.5мг/мл 30мл","1033316","98","9.24","7.85"
"07603","Аптека Марешки Бяла / 839 / гр. Бяла, ул Стефан Стамболов №42","АНГАЛ ЛИМОН табл за смучене 5мг/1мг х 24бр","1033317","98","7.00","5.95"
"07603","Аптека Марешки Бяла / 839 / гр. Бяла, ул Стефан Стамболов №42","ПАРОДОНТАКС КЪМПЛИЙТ ПРОТЕКТ паста за зъби 75мл","1033567","81","6.61",""
"07603","Аптека Марешки Бяла / 839 / гр. Бяла, ул Стефан Стамболов №42","ИБУПРОМ СПРИНТ МАКС капс 400мг х 10бр","1033579","94","4.77","4.06"
"07603","Аптека Марешки Бяла / 839 / гр. Бяла, ул Стефан Стамболов №42","КЕТОНАЛ капс 50мг х 20бр","1033870","94","6.52","5.54"
"07603","Аптека Марешки Бяла / 839 / гр. Бяла, ул Стефан Стамболов №42","ДИКЛАК МАКС 5% гел 50мг/гр 50гр","1034135","95","7.08","6.02"
"07603","Аптека Марешки Бяла / 839 / гр. Бяла, ул Стефан Стамболов №42","ДИАЛГИН ДЕЦА капки 500мг/мл 20мл","1034831","96","4.36","4.14"
"07603","Аптека Марешки Бяла / 839 / гр. Бяла, ул Стефан Стамболов №42","СЕНСОДИН ЕКСТРА УАЙТЪНИНГ паста за зъби 75мл","1034839","81","5.50",""
"07603","Аптека Марешки Бяла / 839 / гр. Бяла, ул Стефан Стамболов №42","СТРЕПСИЛС ИНТЕНЗИВ ПОРТОКАЛ без захар табл за смучене х 16бр","1034899","98","4.96","4.21"
"07603","Аптека Марешки Бяла / 839 / гр. Бяла, ул Стефан Стамболов №42","ЕЛГИДИУМ УСПОКОЯВАЩА ПАСТА ЗА ЗЪБИ РАЗДРАЗНЕНИ ВЕНЦИ 75мл","1035074","81","6.92",""
"07603","Аптека Марешки Бяла / 839 / гр. Бяла, ул Стефан Стамболов №42","ЕЛГИДИУМ КЛИНИК ПЕРИОБЛОК КЕЪР паста за зъби 75мл","1035077","81","7.36",""
"07603","Аптека Марешки Бяла / 839 / гр. Бяла, ул Стефан Стамболов №42","ПАРОДОНТАКС КЪМПЛИЙТ ПРОТЕКТ УАЙТ паста за зъби 75мл","1035234","81","6.61",""
"07603","Аптека Марешки Бяла / 839 / гр. Бяла, ул Стефан Стамболов №42","ПАРОДОНТАКС ХЕРБАЛ паста за зъби 75мл","1035235","81","5.50","3.85"
"07603","Аптека Марешки Бяла / 839 / гр. Бяла, ул Стефан Стамболов №42","ЕЛАКСА ПИКО табл 5мг х 20бр","1035891","88","4.38","3.72"
"07603","Аптека Марешки Бяла / 839 / гр. Бяла, ул Стефан Стамболов №42","ОТРИВИН ПЛЮС 1мг/мл + 50мг/мл спрей за нос 0.05% 10мл","1036062","97","6.52","5.54"
"07603","Аптека Марешки Бяла / 839 / гр. Бяла, ул Стефан Стамболов №42","БЕНАЛГИН РАПИД прах за перорален разтвор х 10бр","1036402","96","3.56","3.02"
"07603","Аптека Марешки Бяла / 839 / гр. Бяла, ул Стефан Стамболов №42","КЕТОНАЛ ИНТЕНЗИВ сашети 50мг х 12бр","1036474","94","7.34","6.24"
"07603","Аптека Марешки Бяла / 839 / гр. Бяла, ул Стефан Стамболов №42","ЕНТЕРОЛ прах за перорална сусп 250мг х 20бр","1036640","89","12.84","10.91"
"07603","Аптека Марешки Бяла / 839 / гр. Бяла, ул Стефан Стамболов №42","ЕНТЕРОЛ капс 250мг х 12бр","1036641","89","6.76","5.75"
"07603","Аптека Марешки Бяла / 839 / гр. Бяла, ул Стефан Стамболов №42","ФАРИНГОСЕПТ табл за смучене 8.75мг х 20бр","1036864","98","4.30","3.65"
"07603","Аптека Марешки Бяла / 839 / гр. Бяла, ул Стефан Стамболов №42","ИНТИМО ХЕЛП мокри кърпи алое х 20бр","1036900","84","1.88",""
"07603","Аптека Марешки Бяла / 839 / гр. Бяла, ул Стефан Стамболов №42","ОКЛИС /ЕКСПРЕС/ гранули за перорален р-р сашети 400мг х 20бр","1037039","94","9.20","7.82"
"07603","Аптека Марешки Бяла / 839 / гр. Бяла, ул Стефан Стамболов №42","ОКЛИС ФОРТЕ гранули за перорален р-р сашети 600мг х 10бр","1037040","94","6.15","5.23"
"07603","Аптека Марешки Бяла / 839 / гр. Бяла, ул Стефан Стамболов №42","ИБУРАПИД филм табл 400мг х 20бр","1037043","94","5.80","4.93"
"07603","Аптека Марешки Бяла / 839 / гр. Бяла, ул Стефан Стамболов №42","ФЛУРБИМЕД МИНТ табл за смучене х 20бр","1037842","98","4.93","4.19"
"07603","Аптека Марешки Бяла / 839 / гр. Бяла, ул Стефан Стамболов №42","ЕЛГИДИУМ КЛИНИК ПЕРИОБЛОК ПРО ПАСТА ЗА ЗЪБИ 50мл","1037937","81","7.19",""
"07603","Аптека Марешки Бяла / 839 / гр. Бяла, ул Стефан Стамболов №42","АЦЦ МЕД И ЛИМОН САШЕТИ 600МГ Х 10БР","1037947","99","8.50","7.23"
"07603","Аптека Марешки Бяла / 839 / гр. Бяла, ул Стефан Стамболов №42","ЕНТЕРОЛ капс 250мг х 30бр","1038032","89","14.82","12.60"
"07603","Аптека Марешки Бяла / 839 / гр. Бяла, ул Стефан Стамболов №42","ДЕНТАЛ ДРИЙМ БЛЕК ЕНД УАЙТ паста за зъби 100мл","1038102","81","1.23",""
"07603","Аптека Марешки Бяла / 839 / гр. Бяла, ул Стефан Стамболов №42","ОКЛИС /ЕКСПРЕС/ гранули за перорален р-р сашети 400мг х 10бр","1038160","94","5.34","5.07"
"07603","Аптека Марешки Бяла / 839 / гр. Бяла, ул Стефан Стамболов №42","ПСИЛО - БАЛСАМ гел 1% 50гр","1038455","91","8.21","6.98"
"07603","Аптека Марешки Бяла / 839 / гр. Бяла, ул Стефан Стамболов №42","НИЗОРАЛ шампоан 2% 100мл","1039141","90","13.46","12.79"
"07603","Аптека Марешки Бяла / 839 / гр. Бяла, ул Стефан Стамболов №42","КСИЛОДЕКС 1мг/мл + 50мг/мл спрей за нос разтвор 10мл","1039190","97","4.79","4.07"
"07603","Аптека Марешки Бяла / 839 / гр. Бяла, ул Стефан Стамболов №42","АНГАЛ ЯГОДА ЗА ДЕЦА табл за смучене 5мг/1мг х 24бр","1039308","98","6.13","5.21"
"07603","Аптека Марешки Бяла / 839 / гр. Бяла, ул Стефан Стамболов №42","ЛАКАЛУТ ДЕТСКА паста за зъби 6+ 55мл","1039376","81","3.59",""
"07603","Аптека Марешки Бяла / 839 / гр. Бяла, ул Стефан Стамболов №42","ЛОПЕРАМИД ЕКОФАРМ табл 2мг х 10бр","1039439","89","2.50","2.12"
"07603","Аптека Марешки Бяла / 839 / гр. Бяла, ул Стефан Стамболов №42","КЪРПИ МОКРИ ЗА БЕБЕ ВМ с капак х 72бр","1039443","84","1.12",""
"07603","Аптека Марешки Бяла / 839 / гр. Бяла, ул Стефан Стамболов №42","КЕТОФЛЕКС инж разтвор 50мг/мл 2мл х 10бр","1040004","94","9.45","8.98"
"07603","Аптека Марешки Бяла / 839 / гр. Бяла, ул Стефан Стамболов №42","КЕТАЛГО гранули за перорален р-р в сашети 50мг х 12бр","1040324","94","6.41","5.45"
"07603","Аптека Марешки Бяла / 839 / гр. Бяла, ул Стефан Стамболов №42","ИБУПРОМ СПРИНТ МАКС капс 400мг х 20бр","1040342","94","8.08","6.86"
"07603","Аптека Марешки Бяла / 839 / гр. Бяла, ул Стефан Стамболов №42","ХЕКСОРАЛЕТЕН Н табл за смучене 16бр","1040461","98","5.75","4.89"
"07603","Аптека Марешки Бяла / 839 / гр. Бяла, ул Стефан Стамболов №42","ПАРОДОНТАКС АКТИВ ГЪМ РИПЕЪР УАЙТ паста за зъби 75мл","1040964","81","6.60",""
"07603","Аптека Марешки Бяла / 839 / гр. Бяла, ул Стефан Стамболов №42","ИБУЛЕК сашети 200мг х 10бр","1040997","94","4.05","3.85"
"07603","Аптека Марешки Бяла / 839 / гр. Бяла, ул Стефан Стамболов №42","ТРАКТУС 600мг прах за перорален разтвор сашети х 10бр","1041202","99","5.92","5.62"
"07603","Аптека Марешки Бяла / 839 / гр. Бяла, ул Стефан Стамболов №42","ЛАКС перорални капки 7.5мг/мл 20мл","1041213","88","3.92","3.72"
"07603","Аптека Марешки Бяла / 839 / гр. Бяла, ул Стефан Стамболов №42","ПАРАБОЛ МАКС меки капс 400мг х 10бр","1041397","94","4.79","4.55"
"07603","Аптека Марешки Бяла / 839 / гр. Бяла, ул Стефан Стамболов №42","ОРОФАР МИНТ пресовани табл за смучене х 24бр","1041706","98","6.04","5.73"
"07603","Аптека Марешки Бяла / 839 / гр. Бяла, ул Стефан Стамболов №42","ИБУПРОМ ФОРТЕ филм табл 400мг х 12бр","1041707","94","3.37","3.20"
"07603","Аптека Марешки Бяла / 839 / гр. Бяла, ул Стефан Стамболов №42","МОБИЛАТ емулгел 2.32% 50г","1042055","95","8.30","7.05"
"07603","Аптека Марешки Бяла / 839 / гр. Бяла, ул Стефан Стамболов №42","БУСКОЛИЗИН обвити табл 10мг х 30бр","1042116","87","3.64","3.45"
"07603","Аптека Марешки Бяла / 839 / гр. Бяла, ул Стефан Стамболов №42","ОРОФАР ИНТЕНС спрей 15мл","1042241","98","7.77","7.38"
"07603","Аптека Марешки Бяла / 839 / гр. Бяла, ул Стефан Стамболов №42","ОЛИНТ ДУО спрей за нос 1мг/мл + 50мг/мл 10мл","1042282","97","6.18","5.25"
"07603","Аптека Марешки Бяла / 839 / гр. Бяла, ул Стефан Стамболов №42","СЕНСОДИН КЛИНИКАЛ РИПЕЪР паста за зъби 75мл","1042365","81","7.82",""
"07603","Аптека Марешки Бяла / 839 / гр. Бяла, ул Стефан Стамболов №42","БИЛЕК ЧАЙ НА ПРОФ ЛАМБРЕВ БЪБРЕЦИ сашети х 30бр","1042412","72","2.69",""
"07603","Аптека Марешки Бяла / 839 / гр. Бяла, ул Стефан Стамболов №42","ВОЛТАРЕН лечебен пластир 140мг х 5бр","1042949","95","16.67",""
"07603","Аптека Марешки Бяла / 839 / гр. Бяла, ул Стефан Стамболов №42","МЕНТОЛОВ СПИРТ ХИМАКС 100мл","1043259","92","0.99","0.94"
"07603","Аптека Марешки Бяла / 839 / гр. Бяла, ул Стефан Стамболов №42","СЕНСОДИН КЛИНИКАЛ РИПЕЪР УАЙТ паста за зъби 75мл","1043609","81","7.82",""
"07603","Аптека Марешки Бяла / 839 / гр. Бяла, ул Стефан Стамболов №42","ЕНТЕРОЛ ФОРТЕ прах за перорална сусп 500мг х 10бр","1043937","89","9.26","8.80"
"07603","Аптека Марешки Бяла / 839 / гр. Бяла, ул Стефан Стамболов №42","ПАРАБОЛ МАКС меки капс 400мг х 20бр","1043939","94","8.04","7.64"
"07603","Аптека Марешки Бяла / 839 / гр. Бяла, ул Стефан Стамболов №42","НУРОФЕН ЕКСПРЕС ФОРТЕ компакт меки капс х 10бр","1044060","94","5.30","5.04"
"07603","Аптека Марешки Бяла / 839 / гр. Бяла, ул Стефан Стамболов №42","КРИСПА САПУН ДОКТОРСКИ С УРЕА 100гр","1044064","83","1.10",""
"07603","Аптека Марешки Бяла / 839 / гр. Бяла, ул Стефан Стамболов №42","КРИСПА САПУН ГЛИЦЕРИН 100гр","1044065","83","1.33","1.26"
"07603","Аптека Марешки Бяла / 839 / гр. Бяла, ул Стефан Стамболов №42","ЕФИЗОЛ ИНТЕНЗ табл за смучене 8.75мг х 24бр","1044197","98","6.46","6.14"
"07603","Аптека Марешки Бяла / 839 / гр. Бяла, ул Стефан Стамболов №42","МОБИЛАТ емулгел 2.32% 180г","1044353","95","18.69","15.89"
"07603","Аптека Марешки Бяла / 839 / гр. Бяла, ул Стефан Стамболов №42","ЕФИЗОЛ ИНТЕНЗ спрей за уста 8.75мг/доза 15мл","1044808","98","7.27","6.18"
"07603","Аптека Марешки Бяла / 839 / гр. Бяла, ул Стефан Стамболов №42","ИЗВОРНА ВОДА БАЛДАРАН 1.5л","119","73","0.61","0.58"
"07603","Аптека Марешки Бяла / 839 / гр. Бяла, ул Стефан Стамболов №42","БИОПРОГРАМА ЧАЙ МЕНТА","14207003","72","0.95",""
"07603","Аптека Марешки Бяла / 839 / гр. Бяла, ул Стефан Стамболов №42","БИОПРОГРАМА ЧАЙ МЕЧО ГРОЗДЕ","142070051","72","0.99",""
"07603","Аптека Марешки Бяла / 839 / гр. Бяла, ул Стефан Стамболов №42","БИОПРОГРАМА ЧАЙ ЖЪЛТ КАНТАРИОН","142070052","72","0.84",""
"07603","Аптека Марешки Бяла / 839 / гр. Бяла, ул Стефан Стамболов №42","БИОПРОГРАМА ЧАЙ МАЩЕРКА","142070053","72","1.09",""
"07603","Аптека Марешки Бяла / 839 / гр. Бяла, ул Стефан Стамболов №42","БИОПРОГРАМА ЧАЙ АЛПИНИСТ","142070054","72","0.85",""
"07603","Аптека Марешки Бяла / 839 / гр. Бяла, ул Стефан Стамболов №42","БИОПРОГРАМА ЧАЙ ЛАЙКА","142070055","72","0.96",""
"07603","Аптека Марешки Бяла / 839 / гр. Бяла, ул Стефан Стамболов №42","БИОПРОГРАМА чай Ройбос х 20бр","142070057","72","2.53",""
"07603","Аптека Марешки Бяла / 839 / гр. Бяла, ул Стефан Стамболов №42","БИОПРОГРАМА ЧАЙ ЗЪРНАСТЕЦ","142070061","72","1.45",""
"07603","Аптека Марешки Бяла / 839 / гр. Бяла, ул Стефан Стамболов №42","БИОПРОГРАМА ЧАЙ ЛИПОВ ЦВЯТ","14207007","72","2.27",""
"07603","Аптека Марешки Бяла / 839 / гр. Бяла, ул Стефан Стамболов №42","БИОПРОГРАМА ЧАЙ ЛЕКА НОЩ","14207008","72","0.80",""
"07603","Аптека Марешки Бяла / 839 / гр. Бяла, ул Стефан Стамболов №42","БИОПРОГРАМА ЧАЙ ВЪЛШЕБНИК","142070082","72","1.24",""
"07603","Аптека Марешки Бяла / 839 / гр. Бяла, ул Стефан Стамболов №42","БИОПРОГРАМА ЧАЙ ГОРСКИ КЪТ","142070083","72","1.25",""
"07603","Аптека Марешки Бяла / 839 / гр. Бяла, ул Стефан Стамболов №42","БИОПРОГРАМА ЧАЙ ЗЕЛЕН","14207009","72","0.86",""
"07603","Аптека Марешки Бяла / 839 / гр. Бяла, ул Стефан Стамболов №42","БИОПРОГРАМА ЧАЙ СЕНА","14207011","72","0.95",""
"07603","Аптека Марешки Бяла / 839 / гр. Бяла, ул Стефан Стамболов №42","БИОПРОГРАМА ЧАЙ ЧЕРЕН","14207036","72","0.80",""
"07603","Аптека Марешки Бяла / 839 / гр. Бяла, ул Стефан Стамболов №42","БИЛКОВ ЧАЙ БЕБЕЗАН филтър х 20бр","14307005","72","2.27",""
"07603","Аптека Марешки Бяла / 839 / гр. Бяла, ул Стефан Стамболов №42","ЕТИЛОВ СПИРТ 95% 1л","20000028","92","6.29","5.34"
"07603","Аптека Марешки Бяла / 839 / гр. Бяла, ул Стефан Стамболов №42","БИОПРОГРАМА ЧАЙ БАБИНИ ЗЪБИ","20000196","72","1.69",""
"07603","Аптека Марешки Бяла / 839 / гр. Бяла, ул Стефан Стамболов №42","ДУЛКОЛАКС ПИКО капки 7.5мг 15мл","2000063","88","5.75","4.89"
"07603","Аптека Марешки Бяла / 839 / гр. Бяла, ул Стефан Стамболов №42","ЕТИЛОВ СПИРТ 70% 1л","20000996","92","5.23","4.45"
"07603","Аптека Марешки Бяла / 839 / гр. Бяла, ул Стефан Стамболов №42","КЕТОКОНАЗОЛ/КЕТОЗАЛ/ шампоан 60мл","29001028","90","7.17","6.09"
"07603","Аптека Марешки Бяла / 839 / гр. Бяла, ул Стефан Стамболов №42","БИОПРОГРАМА чай за диабетици с канела","3000346","72","0.99",""
"07603","Аптека Марешки Бяла / 839 / гр. Бяла, ул Стефан Стамболов №42","ИМОМЕД табл 2мг x 10бр","4100000406","89","2.38","2.02"
"07603","Аптека Марешки Бяла / 839 / гр. Бяла, ул Стефан Стамболов №42","ЕЛГИДИУМ АНТИ-ПЛАКА АНТИПЛАКОВА ПАСТА ЗА ЗЪБИ 100мл","50000300","81","7.38",""
"07603","Аптека Марешки Бяла / 839 / гр. Бяла, ул Стефан Стамболов №42","БИОПРОГРАМА ЧАЙ БИОГАСТРО/ЧАЙ ЗА СТОМАХ","50000954","72","0.99",""
"07603","Аптека Марешки Бяла / 839 / гр. Бяла, ул Стефан Стамболов №42","САНИЕ БИЛКОВ ЧАЙ ЗА ОТСЛАБВАНЕ КИТАЙ х 30бр класик","7000011","72","3.88",""
"07603","Аптека Марешки Бяла / 839 / гр. Бяла, ул Стефан Стамболов №42","БИОПРОГРАМА ЧАЙ ШИПКА","70000684","72","1.02",""
"07603","Аптека Марешки Бяла / 839 / гр. Бяла, ул Стефан Стамболов №42","БИЛКАДЕНТ ХОМЕОПАТИК Паста за Зъби лимон 75мл","7000242","81","2.61",""
"07603","Аптека Марешки Бяла / 839 / гр. Бяла, ул Стефан Стамболов №42","БИЛКАДЕНТ ХОМЕОПАТИК Паста за Зъби грейпфурт 75мл","7000243","81","2.29",""
"07603","Аптека Марешки Бяла / 839 / гр. Бяла, ул Стефан Стамболов №42","КСИЗАЛ сол 5мг/мл 20мл","7000425","100","4.93","4.19"
"07603","Аптека Марешки Бяла / 839 / гр. Бяла, ул Стефан Стамболов №42","САНИЕ БИЛКОВ ЧАЙ ЗА ОТСЛАБВАНЕ КИТАЙ/с бамбукови връхчета/х 30бр","9000120","72","4.26",""
"07603","Аптека Марешки Бяла / 839 / гр. Бяла, ул Стефан Стамболов №42","БИОПРОГРАМА чай БИОБРОНХО","9000153","72","0.99",""
"07603","Аптека Марешки Бяла / 839 / гр. Бяла, ул Стефан Стамболов №42","АЛЕРГОЗАН табл 25мг х 20бр","9020001","100","3.40","2.89"
"07603","Аптека Марешки Бяла / 839 / гр. Бяла, ул Стефан Стамболов №42","АЛЕРГОЗАН крем 1% 18гр","9021003","91","4.08","3.47"
"07603","Аптека Марешки Бяла / 839 / гр. Бяла, ул Стефан Стамболов №42","ФУРОТАЛГИН разтвор 5мл","9021024","101","5.81","5.52"
"07603","Аптека Марешки Бяла / 839 / гр. Бяла, ул Стефан Стамболов №42","БИЗАКОДИЛ супозитории 10мг х 6бр","9021082","88","2.86","2.43"
"07603","Аптека Марешки Бяла / 839 / гр. Бяла, ул Стефан Стамболов №42","АЛЕРГОЗАН инж разтвор 10мг/мл 2мл х 10бр","9022003","100","11.09","10.54"
"07603","Аптека Марешки Бяла / 839 / гр. Бяла, ул Стефан Стамболов №42","АНАЛГИН инж разтвор 500мг/мл 2мл х 10бр","9022005","96","6.94","6.59"
"07603","Аптека Марешки Бяла / 839 / гр. Бяла, ул Стефан Стамболов №42","БУСКОЛИЗИН инж разтвор 20мг/мл 1мл х 10бр","9022010","87","7.44","7.07"
"07603","Аптека Марешки Бяла / 839 / гр. Бяла, ул Стефан Стамболов №42","БЕНАЛГИН табл 500мг х 20бр","9030014","96","2.65","2.25"
"07603","Аптека Марешки Бяла / 839 / гр. Бяла, ул Стефан Стамболов №42","БИЗАЛАКС филм табл 5мг х 30бр","9030016","88","2.21","1.88"
"07603","Аптека Марешки Бяла / 839 / гр. Бяла, ул Стефан Стамболов №42","СПАЗМАЛГОН табл х 20бр","9030104","87","3.85","3.27"
"07603","Аптека Марешки Бяла / 839 / гр. Бяла, ул Стефан Стамболов №42","АЦЕТИЗАЛ табл 500мг х 20бр","9030167","96","1.34","1.14"
"07603","Аптека Марешки Бяла / 839 / гр. Бяла, ул Стефан Стамболов №42","АЛМАГЕЛ суспензия 170мл","9040001","86","2.34","1.99"
"07603","Аптека Марешки Бяла / 839 / гр. Бяла, ул Стефан Стамболов №42","АЛМАГЕЛ А АКТАВИС сусп 170мл","9040002","86","3.87","3.67"
"07603","Аптека Марешки Бяла / 839 / гр. Бяла, ул Стефан Стамболов №42","ЙОДАСЕПТ унгв 90гр","9040085","92","4.27","3.63"
"07603","Аптека Марешки Бяла / 839 / гр. Бяла, ул Стефан Стамболов №42","БИЛКОВ ЧАЙ БРОНХОЛИН филтър х 20бр","99901017","72","2.27",""
"07603","Аптека Марешки Бяла / 839 / гр. Бяла, ул Стефан Стамболов №42","ОТИПАКС капки за уши","BIOC001","101","3.91","3.32"
"07603","Аптека Марешки Бяла / 839 / гр. Бяла, ул Стефан Стамболов №42","НУРОФЕН СИРОП ЗА ДЕЦА С ВКУС НА ПОРТОКАЛ 100мг/5мл 100мл","BOO0006","94","4.04","3.44"
"07603","Аптека Марешки Бяла / 839 / гр. Бяла, ул Стефан Стамболов №42","НУРОФЕН табл 200мг х 12бр","BOO0007","94","3.27","2.78"
"07603","Аптека Марешки Бяла / 839 / гр. Бяла, ул Стефан Стамболов №42","НУРОФЕН СТОПКОЛД табл х 12бр","BOO0008","94","4.26","3.62"
"07603","Аптека Марешки Бяла / 839 / гр. Бяла, ул Стефан Стамболов №42","НУРОФЕН ФОРТЕ табл 400мг х 12бр","BOON0011","94","4.19","3.56"
"07603","Аптека Марешки Бяла / 839 / гр. Бяла, ул Стефан Стамболов №42","ЛАВАНДУЛОВ СПИРТ 1л","BUR0026","92","8.16","6.94"
"07603","Аптека Марешки Бяла / 839 / гр. Бяла, ул Стефан Стамболов №42","ЕТИЛОВ СПИРТ 70% 100мл/ГАЛЕН","GALEN22","92","0.74","0.71"
"07603","Аптека Марешки Бяла / 839 / гр. Бяла, ул Стефан Стамболов №42","ХЕКСАЛГИН сол.500мг/мл  - 20мл","HEXA025","96","5.19","4.41"
"07603","Аптека Марешки Бяла / 839 / гр. Бяла, ул Стефан Стамболов №42","ФЛЕКСИСТАД филм табл 400мг х 20бр","MF156","94","4.26","4.05"
"07603","Аптека Марешки Бяла / 839 / гр. Бяла, ул Стефан Стамболов №42","ФЛЕКСИСТАД филм табл 600мг х 20бр","MF157","94","6.25","5.94"
"07603","Аптека Марешки Бяла / 839 / гр. Бяла, ул Стефан Стамболов №42","ФЛЕКСИСТАД филм табл 800мг х 20бр","MF179","94","7.03","6.68"
"07603","Аптека Марешки Бяла / 839 / гр. Бяла, ул Стефан Стамболов №42","АЦЦ сашети 200мг х 20бр","RF083","99","6.69","5.68"
"63224","Аптека Марешки Руен / 840 / гр. Руен, ул. Първи Май 20","ДИАРОСТАД СТАДА капс 2мг х 10бр","0000315","89","3.12",""
"63224","Аптека Марешки Руен / 840 / гр. Руен, ул. Първи Май 20","БРАУНОЛ разтвор за кожа 100мл х 1бр","00011236","92","3.27",""
"63224","Аптека Марешки Руен / 840 / гр. Руен, ул. Първи Май 20","ДЕРМОДРИН унгв 30г","00011485","91","4.38",""
"63224","Аптека Марешки Руен / 840 / гр. Руен, ул. Първи Май 20","ФЕНОЛАКС табл 5мг х 30бр","00080575","88","1.56",""
"63224","Аптека Марешки Руен / 840 / гр. Руен, ул. Първи Май 20","СЕНСОДИН ФЛУОРИД ПАСТА ЗА ЗЪБИ 75мл","00402087","81","5.22","3.65"
"63224","Аптека Марешки Руен / 840 / гр. Руен, ул. Първи Май 20","ЕЛГИДИУМ КИДС ГЕЛООБРАЗНА ПАСТА ЗА ЗЪБИ С ФЛУОРИНОЛ ЗА ЗАЩИТА ОТ КАРИЕС ЗА ДЕЦА 3-6г. с вкус на горски плодове 50мл","00504019","81","4.70",""
"63224","Аптека Марешки Руен / 840 / гр. Руен, ул. Първи Май 20","ЕКЗОДЕРИЛ крем 1% 15гр","0100006","90","6.14",""
"63224","Аптека Марешки Руен / 840 / гр. Руен, ул. Първи Май 20","ТАЛЦИД табл 500мг х 20бр","0330023","86","4.06",""
"63224","Аптека Марешки Руен / 840 / гр. Руен, ул. Първи Май 20","МУКОНАЗАЛ ПЛЮС спрей назал 10мл","0440051","97","6.62",""
"63224","Аптека Марешки Руен / 840 / гр. Руен, ул. Първи Май 20","ЕЛГИДИУМ УАЙТАНИНГ ИЗБЕЛВАЩА ПАСТА ЗА ЗЪБИ 75мл","10000406","81","6.20",""
"63224","Аптека Марешки Руен / 840 / гр. Руен, ул. Първи Май 20","СПАЗМАЛГОН инж разтвор 500мг/2мг/0.02мг 2мл х 5бр","1010211","87","3.25",""
"63224","Аптека Марешки Руен / 840 / гр. Руен, ул. Първи Май 20","АКНЕ АУТ САПУН 100гр","1011945","83","6.15",""
"63224","Аптека Марешки Руен / 840 / гр. Руен, ул. Първи Май 20","НАЗИК 50мг/1мг/гр назален спрей за възрастни 10мл","1012415","97","6.52",""
"63224","Аптека Марешки Руен / 840 / гр. Руен, ул. Първи Май 20","НАЗИК 50мг/0.5мг/гр назален спрей за деца 10мл","1012416","97","4.79",""
"63224","Аптека Марешки Руен / 840 / гр. Руен, ул. Първи Май 20","ЕЛГИДИУМ ДЖУНИЪР БЪБЪЛ детска паста за зъби от 7-12г. с вкус на дъвка 50мл","1012684","81","5.07",""
"63224","Аптека Марешки Руен / 840 / гр. Руен, ул. Първи Май 20","ЗЕНАРО табл 5мг х 7бр","1013507","100","3.48",""
"63224","Аптека Марешки Руен / 840 / гр. Руен, ул. Първи Май 20","МИГ 400 филм табл 400мг x 10бр","1015463","94","2.56",""
"63224","Аптека Марешки Руен / 840 / гр. Руен, ул. Първи Май 20","ДИАЛГИН сашета 1000мг х 20бр","1016016","96","7.09",""
"63224","Аптека Марешки Руен / 840 / гр. Руен, ул. Първи Май 20","ПАРОДОНТАКС КЛАСИК паста за зъби 75мл","1016746","81","5.17","3.62"
"63224","Аптека Марешки Руен / 840 / гр. Руен, ул. Първи Май 20","КЕТОНАЛ инж р-р 100мг/2мл х 50бр","1017915","94","18.30",""
"63224","Аптека Марешки Руен / 840 / гр. Руен, ул. Първи Май 20","КАФЕТИН МЕНСТРУАЛ филм табл 200мг х 10бр","1019299","94","3.35",""
"63224","Аптека Марешки Руен / 840 / гр. Руен, ул. Първи Май 20","ЙОДАСЕПТ унгв 40гр","1019744","92","3.07",""
"63224","Аптека Марешки Руен / 840 / гр. Руен, ул. Първи Май 20","СЕНСОДИН РИПЕЪР ЕНД ПРОТЕКТ паста за зъби 75мл","1019885","81","7.82",""
"63224","Аптека Марешки Руен / 840 / гр. Руен, ул. Първи Май 20","ЕЛГИДИУМ УАЙТАНИНГ ИЗБЕЛВАЩА ПАСТА ЗА ЗЪБИ 50мл","1020022","81","4.93",""
"63224","Аптека Марешки Руен / 840 / гр. Руен, ул. Първи Май 20","НУРОФЕН сироп за деца 40мг/мл -ягода 100мл","1020049","94","5.57",""
"63224","Аптека Марешки Руен / 840 / гр. Руен, ул. Първи Май 20","БРУФЕН СР табл 800мг.х 30бр","1020323","94","6.65",""
"63224","Аптека Марешки Руен / 840 / гр. Руен, ул. Първи Май 20","ВОЛТАРЕН ФОРТЕ гел 2,32% 50гр","1021024","95","8.85",""
"63224","Аптека Марешки Руен / 840 / гр. Руен, ул. Първи Май 20","ЛОПЕДИУМ капс 2мг х 10бр/НОВА","1022002","89","3.62",""
"63224","Аптека Марешки Руен / 840 / гр. Руен, ул. Първи Май 20","СТОПЕРАН капс 2мг х 8бр/НОВА","1022006","89","3.21",""
"63224","Аптека Марешки Руен / 840 / гр. Руен, ул. Първи Май 20","ИМОДИУМ капс 2мг х 6бр/НОВА","1022007","89","3.42",""
"63224","Аптека Марешки Руен / 840 / гр. Руен, ул. Първи Май 20","ОТИРЕЛАКС капки за уши 15мл","1022160","101","4.15",""
"63224","Аптека Марешки Руен / 840 / гр. Руен, ул. Първи Май 20","ЕЛГИДИУМ АНТИПЛАКА ПРОМО паста за зъби 100мл","1022270","81","5.26",""
"63224","Аптека Марешки Руен / 840 / гр. Руен, ул. Първи Май 20","АЛМИРАЛ ГЕЛ 1,16% 50г","1022666","95","5.35",""
"63224","Аптека Марешки Руен / 840 / гр. Руен, ул. Първи Май 20","БИОПРОГРАМА чай дребноцветна върбовка","1022921","72","1.63",""
"63224","Аптека Марешки Руен / 840 / гр. Руен, ул. Първи Май 20","НУРОФЕН ЕКСПРЕС ФОРТЕ меки капс  400мг х 10бр","1023211","94","4.98",""
"63224","Аптека Марешки Руен / 840 / гр. Руен, ул. Първи Май 20","ЕЛГИДИУМ КИДС ГЕЛООБРАЗНА ПАСТА ЗА ЗЪБИ ЗА ЗАЩИТА ОТ КАРИЕС С ФЛУРИНОЛ И ВКУС НА СВЕЖА ЯГОДА 50мл","1023759","81","6.35",""
"63224","Аптека Марешки Руен / 840 / гр. Руен, ул. Първи Май 20","НУРОФЕН ФЕМИНА ФОРТЕ филм табл 512мг х 12бр","1024262","94","4.84",""
"63224","Аптека Марешки Руен / 840 / гр. Руен, ул. Първи Май 20","ЕЛГИДИУМ АНТИПЛАКА паста за зъби ПРОМО 75мл","1024352","81","4.38",""
"63224","Аптека Марешки Руен / 840 / гр. Руен, ул. Първи Май 20","ИМОДИУМ ИНСТАНТ ородисп табл 2мг х 6бр","1025649","89","4.08",""
"63224","Аптека Марешки Руен / 840 / гр. Руен, ул. Първи Май 20","АЦЦ сироп 20мг/мл 100мл","1026426","99","7.07",""
"63224","Аптека Марешки Руен / 840 / гр. Руен, ул. Първи Май 20","ДИАЛГИН капки 500мг/мл 20мл","1028253","96","4.04",""
"63224","Аптека Марешки Руен / 840 / гр. Руен, ул. Първи Май 20","ПРОБИЕН КИДС ЖЕЛИРАНИ МЕЧЕТА х 60бр","1029958","89","12.03",""
"63224","Аптека Марешки Руен / 840 / гр. Руен, ул. Първи Май 20","ИБУЛЕК сашети 400мг х 10бр","1030132","94","5.40",""
"63224","Аптека Марешки Руен / 840 / гр. Руен, ул. Първи Май 20","ИБУЛЕК сашети 600мг х 10бр","1030133","94","5.59",""
"63224","Аптека Марешки Руен / 840 / гр. Руен, ул. Първи Май 20","АЦЦ еферв табл 600мг х 10бр","1030461","99","7.96",""
"63224","Аптека Марешки Руен / 840 / гр. Руен, ул. Първи Май 20","ЕКЗОДЕРИЛ крем 1% 30гр","1031358","90","9.42",""
"63224","Аптека Марешки Руен / 840 / гр. Руен, ул. Първи Май 20","ПАРОДОНТАКС УЛТРА КЛИЙН паста за зъби 75мл","1031439","81","5.17","3.62"
"63224","Аптека Марешки Руен / 840 / гр. Руен, ул. Първи Май 20","СТРЕПСИЛС ИНТЕНЗИВ пастили х 24бр","1031974","98","7.21",""
"63224","Аптека Марешки Руен / 840 / гр. Руен, ул. Първи Май 20","СЕНСОДИН АДВАНС КЛИЙН паста за зъби 75мл","1032148","81","5.17","3.62"
"63224","Аптека Марешки Руен / 840 / гр. Руен, ул. Първи Май 20","КСИЗАЛ филм табл 5мг х 20бр(Бестамед)","1032706","100","10.30",""
"63224","Аптека Марешки Руен / 840 / гр. Руен, ул. Първи Май 20","СЕНСОДИН РАПИД РЕЛИФ паста за зъби 75мл","1032779","81","7.82",""
"63224","Аптека Марешки Руен / 840 / гр. Руен, ул. Първи Май 20","ХЕКСАЛГИН ДЕЦА сол 500мг/мл 20мл","1033246","96","5.41",""
"63224","Аптека Марешки Руен / 840 / гр. Руен, ул. Първи Май 20","АНГАЛ МЕНТОЛ табл за смучене 5мг/1мг х 24бр","1033315","98","6.36",""
"63224","Аптека Марешки Руен / 840 / гр. Руен, ул. Първи Май 20","АНГАЛ МЕНТОЛ спрей за устна лигавица 2мг/мл + 0.5мг/мл 30мл","1033316","98","9.24",""
"63224","Аптека Марешки Руен / 840 / гр. Руен, ул. Първи Май 20","АНГАЛ ЛИМОН табл за смучене 5мг/1мг х 24бр","1033317","98","7.00",""
"63224","Аптека Марешки Руен / 840 / гр. Руен, ул. Първи Май 20","ПАРОДОНТАКС КЪМПЛИЙТ ПРОТЕКТ паста за зъби 75мл","1033567","81","6.21",""
"63224","Аптека Марешки Руен / 840 / гр. Руен, ул. Първи Май 20","ИБУПРОМ СПРИНТ МАКС капс 400мг х 10бр","1033579","94","4.77",""
"63224","Аптека Марешки Руен / 840 / гр. Руен, ул. Първи Май 20","КЕТОНАЛ капс 50мг х 20бр","1033870","94","6.52",""
"63224","Аптека Марешки Руен / 840 / гр. Руен, ул. Първи Май 20","ДИКЛАК МАКС 5% гел 50мг/гр 50гр","1034135","95","6.74",""
"63224","Аптека Марешки Руен / 840 / гр. Руен, ул. Първи Май 20","ДИАЛГИН ДЕЦА капки 500мг/мл 20мл","1034831","96","4.02",""
"63224","Аптека Марешки Руен / 840 / гр. Руен, ул. Първи Май 20","ЕЛГИДИУМ УСПОКОЯВАЩА ПАСТА ЗА ЗЪБИ РАЗДРАЗНЕНИ ВЕНЦИ 75мл","1035074","81","6.91",""
"63224","Аптека Марешки Руен / 840 / гр. Руен, ул. Първи Май 20","ЕЛГИДИУМ КЛИНИК ПЕРИОБЛОК КЕЪР паста за зъби 75мл","1035077","81","6.91",""
"63224","Аптека Марешки Руен / 840 / гр. Руен, ул. Първи Май 20","ПАРОДОНТАКС КЪМПЛИЙТ ПРОТЕКТ УАЙТ паста за зъби 75мл","1035234","81","6.21",""
"63224","Аптека Марешки Руен / 840 / гр. Руен, ул. Първи Май 20","ЕЛАКСА ПИКО табл 5мг х 20бр","1035891","88","4.38",""
"63224","Аптека Марешки Руен / 840 / гр. Руен, ул. Първи Май 20","ЕЛГИДИУМ ДЖУНИЪР ГЕЛООБРАЗНА паста за зъби 7-12г С МЕК МЕНТОВ АРОМАТ 50мл","1035975","81","5.07",""
"63224","Аптека Марешки Руен / 840 / гр. Руен, ул. Първи Май 20","ОТРИВИН ПЛЮС 1мг/мл + 50мг/мл спрей за нос 0.05% 10мл","1036062","97","6.52",""
"63224","Аптека Марешки Руен / 840 / гр. Руен, ул. Първи Май 20","БЕНАЛГИН РАПИД прах за перорален разтвор х 10бр","1036402","96","3.56",""
"63224","Аптека Марешки Руен / 840 / гр. Руен, ул. Първи Май 20","СЕНСОДИН СЕНСИТИВ ЕНД ГЪМ паста за зъби 75мл","1036466","81","7.43",""
"63224","Аптека Марешки Руен / 840 / гр. Руен, ул. Първи Май 20","КЕТОНАЛ ИНТЕНЗИВ сашети 50мг х 12бр","1036474","94","7.34",""
"63224","Аптека Марешки Руен / 840 / гр. Руен, ул. Първи Май 20","ЕНТЕРОЛ прах за перорална сусп 250мг х 20бр","1036640","89","12.84",""
"63224","Аптека Марешки Руен / 840 / гр. Руен, ул. Първи Май 20","ЕНТЕРОЛ капс 250мг х 12бр","1036641","89","6.76",""
"63224","Аптека Марешки Руен / 840 / гр. Руен, ул. Първи Май 20","ФАРИНГОСЕПТ табл за смучене 8.75мг х 20бр","1036864","98","4.29",""
"63224","Аптека Марешки Руен / 840 / гр. Руен, ул. Първи Май 20","ОКЛИС /ЕКСПРЕС/ гранули за перорален р-р сашети 400мг х 20бр","1037039","94","9.20",""
"63224","Аптека Марешки Руен / 840 / гр. Руен, ул. Първи Май 20","ОКЛИС ФОРТЕ гранули за перорален р-р сашети 600мг х 10бр","1037040","94","6.15",""
"63224","Аптека Марешки Руен / 840 / гр. Руен, ул. Първи Май 20","ЕЛГИДИУМ КЛИНИК ПЕРИОБЛОК ПРО ПАСТА ЗА ЗЪБИ 50мл","1037937","81","6.90",""
"63224","Аптека Марешки Руен / 840 / гр. Руен, ул. Първи Май 20","АЦЦ МЕД И ЛИМОН САШЕТИ 600МГ Х 10БР","1037947","99","8.50",""
"63224","Аптека Марешки Руен / 840 / гр. Руен, ул. Първи Май 20","ЛАКАЛУТ АКТИВ СЕНЗИТИВ паста за зъби 75мл","1038413","81","4.54",""
"63224","Аптека Марешки Руен / 840 / гр. Руен, ул. Първи Май 20","ПСИЛО - БАЛСАМ гел 1% 50гр","1038455","91","8.21",""
"63224","Аптека Марешки Руен / 840 / гр. Руен, ул. Първи Май 20","ПАНАКТИВ БЕЙБИ 60мг супозитории х 5бр","1038799","94","2.90",""
"63224","Аптека Марешки Руен / 840 / гр. Руен, ул. Първи Май 20","КЕТАЛГО гранули за перорален р-р в сашети 50мг х 6бр","1038816","94","3.85",""
"63224","Аптека Марешки Руен / 840 / гр. Руен, ул. Първи Май 20","ИБУПРОМ ЗА ДЕЦА 6+ табл 200мг х 10бр","1039080","94","3.18",""
"63224","Аптека Марешки Руен / 840 / гр. Руен, ул. Първи Май 20","НИЗОРАЛ шампоан 2% 100мл","1039141","90","13.46",""
"63224","Аптека Марешки Руен / 840 / гр. Руен, ул. Първи Май 20","КСИЛОДЕКС 1мг/мл + 50мг/мл спрей за нос разтвор 10мл","1039190","97","4.79",""
"63224","Аптека Марешки Руен / 840 / гр. Руен, ул. Първи Май 20","АНГАЛ ЛИМОН спрей за устна лигавица 2мг/мл + 0.5мг/мл х 30мл","1039306","98","9.33",""
"63224","Аптека Марешки Руен / 840 / гр. Руен, ул. Първи Май 20","КЪРПИ МОКРИ ЗА БЕБЕ ВМ с капак х 72бр","1039443","84","1.12",""
"63224","Аптека Марешки Руен / 840 / гр. Руен, ул. Първи Май 20","НУРОФЕН ЕКСПРЕС ФОРТЕ меки капс 400мг х 20бр","1039476","94","8.79",""
"63224","Аптека Марешки Руен / 840 / гр. Руен, ул. Първи Май 20","НУРОФЕН ФОРТЕ табл 400мг х 24бр","1039668","94","7.26",""
"63224","Аптека Марешки Руен / 840 / гр. Руен, ул. Първи Май 20","КСИЗАЛ перорален разтвор 0.5мг/мл 200мл","1039669","100","4.99",""
"63224","Аптека Марешки Руен / 840 / гр. Руен, ул. Първи Май 20","КЕТОФЛЕКС инж разтвор 50мг/мл 2мл х 10бр","1040004","94","9.60",""
"63224","Аптека Марешки Руен / 840 / гр. Руен, ул. Първи Май 20","ЕЛГИДИУМ ТАЙМЕР ПАСТА ЗА ЗЪБИ 50мл","1040162","81","5.24",""
"63224","Аптека Марешки Руен / 840 / гр. Руен, ул. Първи Май 20","ИБУПРОМ СПРИНТ МАКС капс 400мг х 20бр","1040342","94","8.08",""
"63224","Аптека Марешки Руен / 840 / гр. Руен, ул. Първи Май 20","ХЕКСОРАЛЕТЕН Н табл за смучене 16бр","1040461","98","5.75",""
"63224","Аптека Марешки Руен / 840 / гр. Руен, ул. Първи Май 20","ДИКЛАК МАКС 5% гел 150гр","1040706","95","13.07",""
"63224","Аптека Марешки Руен / 840 / гр. Руен, ул. Първи Май 20","СЕНСОДИН СЕНСИВИТ ЕНД ГЪМ УАЙТ паста за зъби 75мл","1040885","81","7.35",""
"63224","Аптека Марешки Руен / 840 / гр. Руен, ул. Първи Май 20","ПАРОДОНТАКС АКТИВ ГЪМ РИПЕЪР паста за зъби 75мл","1040963","81","6.21",""
"63224","Аптека Марешки Руен / 840 / гр. Руен, ул. Първи Май 20","ВОЛТАРЕН ЕМУЛГЕЛ гел 1.16% 100 г","1041032","95","9.52",""
"63224","Аптека Марешки Руен / 840 / гр. Руен, ул. Първи Май 20","ТРАКТУС 600мг прах за перорален разтвор сашети х 10бр","1041202","99","5.91",""
"63224","Аптека Марешки Руен / 840 / гр. Руен, ул. Първи Май 20","ПАРАБОЛ МАКС меки капс 400мг х 10бр","1041397","94","4.79",""
"63224","Аптека Марешки Руен / 840 / гр. Руен, ул. Първи Май 20","СЕНСОДИН АНТИ КАРИЕС  паста за зъби 75мл","1041677","81","4.96",""
"63224","Аптека Марешки Руен / 840 / гр. Руен, ул. Първи Май 20","ОРОФАР МИНТ пресовани табл за смучене х 24бр","1041706","98","6.04",""
"63224","Аптека Марешки Руен / 840 / гр. Руен, ул. Първи Май 20","ИБУПРОМ ФОРТЕ филм табл 400мг х 12бр","1041707","94","3.37",""
"63224","Аптека Марешки Руен / 840 / гр. Руен, ул. Първи Май 20","ДИКЛАК 12 часа гел 23,2мг/г 50гр","1041923","95","7.42",""
"63224","Аптека Марешки Руен / 840 / гр. Руен, ул. Първи Май 20","МОБИЛАТ емулгел 2.32% 50г","1042055","95","8.30",""
"63224","Аптека Марешки Руен / 840 / гр. Руен, ул. Първи Май 20","БУСКОЛИЗИН обвити табл 10мг х 30бр","1042116","87","3.64",""
"63224","Аптека Марешки Руен / 840 / гр. Руен, ул. Първи Май 20","ОРОФАР ИНТЕНС спрей 15мл","1042241","98","7.77",""
"63224","Аптека Марешки Руен / 840 / гр. Руен, ул. Първи Май 20","ДУЛКОЛАКС супозитории 10мг х 6бр","1042352","88","5.47",""
"63224","Аптека Марешки Руен / 840 / гр. Руен, ул. Първи Май 20","СЕНСОДИН КЛИНИКАЛ РИПЕЪР паста за зъби 75мл","1042365","81","7.35",""
"63224","Аптека Марешки Руен / 840 / гр. Руен, ул. Първи Май 20","БИЛЕК ЧАЙ НА ПРОФ ЛАМБРЕВ БЪБРЕЦИ сашети х 30бр","1042412","72","2.69",""
"63224","Аптека Марешки Руен / 840 / гр. Руен, ул. Първи Май 20","ВОЛТАРЕН лечебен пластир 140мг х 5бр","1042949","95","16.67",""
"63224","Аптека Марешки Руен / 840 / гр. Руен, ул. Първи Май 20","МЕНТОЛОВ СПИРТ ХИМАКС 100мл","1043259","92","0.99",""
"63224","Аптека Марешки Руен / 840 / гр. Руен, ул. Първи Май 20","СТРЕПСИЛС ИНТЕНЗИВ МЕД И ЕВКАЛИПТ без захар табл за смучене х 16бр","1043362","98","4.96",""
"63224","Аптека Марешки Руен / 840 / гр. Руен, ул. Първи Май 20","ЕНТЕРОЛ ФОРТЕ прах за перорална сусп 500мг х 10бр","1043937","89","9.26",""
"63224","Аптека Марешки Руен / 840 / гр. Руен, ул. Първи Май 20","ПАРАБОЛ МАКС меки капс 400мг х 20бр","1043939","94","8.04",""
"63224","Аптека Марешки Руен / 840 / гр. Руен, ул. Първи Май 20","НУРОФЕН ЕКСПРЕС ФОРТЕ компакт меки капс х 10бр","1044060","94","5.30",""
"63224","Аптека Марешки Руен / 840 / гр. Руен, ул. Първи Май 20","МОБИЛАТ емулгел 2.32% 180г","1044353","95","18.69",""
"63224","Аптека Марешки Руен / 840 / гр. Руен, ул. Първи Май 20","ЕФИЗОЛ ИНТЕНЗ спрей за уста 8.75мг/доза 15мл","1044808","98","7.27",""
"63224","Аптека Марешки Руен / 840 / гр. Руен, ул. Първи Май 20","ИЗВОРНА ВОДА БАЛДАРАН 1.5л","119","73","0.61",""
"63224","Аптека Марешки Руен / 840 / гр. Руен, ул. Първи Май 20","БИОПРОГРАМА ЧАЙ ЗЕЛЕН","14207009","72","0.85",""
"63224","Аптека Марешки Руен / 840 / гр. Руен, ул. Първи Май 20","БИОПРОГРАМА ЧАЙ СЕНА","14207011","72","0.94",""
"63224","Аптека Марешки Руен / 840 / гр. Руен, ул. Първи Май 20","БИЛКОВ ЧАЙ БЕБЕЗАН филтър х 20бр","14307005","72","2.26",""
"63224","Аптека Марешки Руен / 840 / гр. Руен, ул. Първи Май 20","ЛАКАЛУТ ИЗБЕЛВАЩА Паста за зъби 75мл","2000002","81","3.59",""
"63224","Аптека Марешки Руен / 840 / гр. Руен, ул. Първи Май 20","ЕТИЛОВ СПИРТ 95% 1л","20000028","92","6.29",""
"63224","Аптека Марешки Руен / 840 / гр. Руен, ул. Първи Май 20","БИОПРОГРАМА ЧАЙ БАБИНИ ЗЪБИ","20000196","72","1.44",""
"63224","Аптека Марешки Руен / 840 / гр. Руен, ул. Първи Май 20","ДУЛКОЛАКС ПИКО капки 7.5мг 15мл","2000063","88","5.75",""
"63224","Аптека Марешки Руен / 840 / гр. Руен, ул. Първи Май 20","КЕТОКОНАЗОЛ/КЕТОЗАЛ/ шампоан 60мл","29001028","90","6.81",""
"63224","Аптека Марешки Руен / 840 / гр. Руен, ул. Първи Май 20","БИЛКА ПАСТА ЗА ЗЪБИ ДЕТСКА  2+ 50мл","31000765","81","2.23",""
"63224","Аптека Марешки Руен / 840 / гр. Руен, ул. Първи Май 20","ВОЛТАРЕН Емулгел 1.16% гел 50г","31000856","95","6.24",""
"63224","Аптека Марешки Руен / 840 / гр. Руен, ул. Първи Май 20","ЕЛГИДИУМ ИЗБЕЛВАЩА ЧЕТКА ЗА ЗЪБИ МЕДИУМ","50000791","80","5.78",""
"63224","Аптека Марешки Руен / 840 / гр. Руен, ул. Първи Май 20","САНИЕ БИЛКОВ ЧАЙ ЗА ОТСЛАБВАНЕ КИТАЙ х 30бр класик","7000011","72","3.88",""
"63224","Аптека Марешки Руен / 840 / гр. Руен, ул. Първи Май 20","КСИЗАЛ сол 5мг/мл 20мл","7000425","100","4.93",""
"63224","Аптека Марешки Руен / 840 / гр. Руен, ул. Първи Май 20","САНИЕ БИЛКОВ ЧАЙ ЗА ОТСЛАБВАНЕ КИТАЙ/с бамбукови връхчета/х 30бр","9000120","72","4.26",""
"63224","Аптека Марешки Руен / 840 / гр. Руен, ул. Първи Май 20","АЛЕРГОЗАН табл 25мг х 20бр","9020001","100","3.73",""
"63224","Аптека Марешки Руен / 840 / гр. Руен, ул. Първи Май 20","ФУРОТАЛГИН разтвор 5мл","9021024","101","5.81",""
"63224","Аптека Марешки Руен / 840 / гр. Руен, ул. Първи Май 20","БИЗАКОДИЛ супозитории 10мг х 6бр","9021082","88","2.86",""
"63224","Аптека Марешки Руен / 840 / гр. Руен, ул. Първи Май 20","ФЕЛОРАН СОФАРМА гел 1% 60гр","9021085","95","4.07",""
"63224","Аптека Марешки Руен / 840 / гр. Руен, ул. Първи Май 20","АЛЕРГОЗАН инж разтвор 10мг/мл 2мл х 10бр","9022003","100","11.09",""
"63224","Аптека Марешки Руен / 840 / гр. Руен, ул. Първи Май 20","АНАЛГИН инж разтвор 500мг/мл 2мл х 10бр","9022005","96","6.94",""
"63224","Аптека Марешки Руен / 840 / гр. Руен, ул. Първи Май 20","БУСКОЛИЗИН инж разтвор 20мг/мл 1мл х 10бр","9022010","87","7.44",""
"63224","Аптека Марешки Руен / 840 / гр. Руен, ул. Първи Май 20","БЕНАЛГИН табл 500мг х 20бр","9030014","96","2.65",""
"63224","Аптека Марешки Руен / 840 / гр. Руен, ул. Първи Май 20","СПАЗМАЛГОН табл х 20бр","9030104","87","3.61",""
"63224","Аптека Марешки Руен / 840 / гр. Руен, ул. Първи Май 20","АЦЕТИЗАЛ табл 500мг х 20бр","9030167","96","1.34",""
"63224","Аптека Марешки Руен / 840 / гр. Руен, ул. Първи Май 20","ПРОАЛГИН табл 500мг х 20бр","9030171","96","1.10",""
"63224","Аптека Марешки Руен / 840 / гр. Руен, ул. Първи Май 20","АЛМАГЕЛ суспензия 170мл","9040001","86","2.34",""
"63224","Аптека Марешки Руен / 840 / гр. Руен, ул. Първи Май 20","АЛМАГЕЛ А АКТАВИС сусп 170мл","9040002","86","3.87",""
"63224","Аптека Марешки Руен / 840 / гр. Руен, ул. Първи Май 20","ЙОДАСЕПТ унгв 90гр","9040085","92","4.27",""
"63224","Аптека Марешки Руен / 840 / гр. Руен, ул. Първи Май 20","ОТИПАКС капки за уши","BIOC001","101","3.91",""
"63224","Аптека Марешки Руен / 840 / гр. Руен, ул. Първи Май 20","НУРОФЕН СИРОП ЗА ДЕЦА С ВКУС НА ПОРТОКАЛ 100мг/5мл 100мл","BOO0006","94","4.04",""
"63224","Аптека Марешки Руен / 840 / гр. Руен, ул. Първи Май 20","НУРОФЕН табл 200мг х 12бр","BOO0007","94","3.27",""
"63224","Аптека Марешки Руен / 840 / гр. Руен, ул. Първи Май 20","НУРОФЕН СТОПКОЛД табл х 12бр","BOO0008","94","4.27",""
"63224","Аптека Марешки Руен / 840 / гр. Руен, ул. Първи Май 20","НУРОФЕН ФОРТЕ табл 400мг х 12бр","BOON0011","94","4.19",""
"63224","Аптека Марешки Руен / 840 / гр. Руен, ул. Първи Май 20","ЕТИЛОВ СПИРТ 90% 100мл","BUR0011","92","0.94",""
"63224","Аптека Марешки Руен / 840 / гр. Руен, ул. Първи Май 20","ЛАВАНДУЛОВ СПИРТ 1л","BUR0026","92","8.17",""
"63224","Аптека Марешки Руен / 840 / гр. Руен, ул. Първи Май 20","ХЕКСАЛГИН сол.500мг/мл  - 20мл","HEXA025","96","5.19",""
"63224","Аптека Марешки Руен / 840 / гр. Руен, ул. Първи Май 20","ФЛЕКСИСТАД филм табл 400мг х 20бр","MF156","94","4.27",""
"63224","Аптека Марешки Руен / 840 / гр. Руен, ул. Първи Май 20","ФЛЕКСИСТАД филм табл 600мг х 20бр","MF157","94","6.25",""
"63224","Аптека Марешки Руен / 840 / гр. Руен, ул. Първи Май 20","ФЛЕКСИСТАД филм табл 800мг х 20бр","MF179","94","7.04",""
"63224","Аптека Марешки Руен / 840 / гр. Руен, ул. Първи Май 20","АЦЦ сашети 200мг х 20бр","RF083","99","6.69",""
"65766","Аптека Марешки Свищов / 841 / гр. Свищов, ул Алеко Константинов №26","ДИАРОСТАД СТАДА капс 2мг х 10бр","0000315","89","3.12",""
"65766","Аптека Марешки Свищов / 841 / гр. Свищов, ул Алеко Константинов №26","ДЕРМОДРИН унгв 30г","00011485","91","4.38",""
"65766","Аптека Марешки Свищов / 841 / гр. Свищов, ул Алеко Константинов №26","ФЕНОЛАКС табл 5мг х 30бр","00080575","88","1.56",""
"65766","Аптека Марешки Свищов / 841 / гр. Свищов, ул Алеко Константинов №26","ЕЛГИДИУМ АНТИ-КАРИЕС АНТИКАРИЕСНА ПАСТА ЗА ЗЪБИ 75мл","000808263","81","5.96",""
"65766","Аптека Марешки Свищов / 841 / гр. Свищов, ул Алеко Константинов №26","БИЛКОВ ЧАЙ МАТОЧИНА филтър х 20бр","00091031","72","1.21",""
"65766","Аптека Марешки Свищов / 841 / гр. Свищов, ул Алеко Константинов №26","СЕНСОДИН ФЛУОРИД ПАСТА ЗА ЗЪБИ 75мл","00402087","81","5.17","3.62"
"65766","Аптека Марешки Свищов / 841 / гр. Свищов, ул Алеко Константинов №26","БИЛКАДЕНТ Паста за Зъби АНТИПАРОДОНТ ЧЕРЕША 75мл","00902212","81","2.61",""
"65766","Аптека Марешки Свищов / 841 / гр. Свищов, ул Алеко Константинов №26","ЕКЗОДЕРИЛ крем 1% 15гр","0100006","90","6.14",""
"65766","Аптека Марешки Свищов / 841 / гр. Свищов, ул Алеко Константинов №26","ТАЛЦИД табл 500мг х 20бр","0330023","86","4.06",""
"65766","Аптека Марешки Свищов / 841 / гр. Свищов, ул Алеко Константинов №26","МУКОНАЗАЛ ПЛЮС спрей назал 10мл","0440051","97","6.62",""
"65766","Аптека Марешки Свищов / 841 / гр. Свищов, ул Алеко Константинов №26","ЕЛГИДИУМ УАЙТАНИНГ ИЗБЕЛВАЩА ПАСТА ЗА ЗЪБИ 75мл","10000406","81","6.20",""
"65766","Аптека Марешки Свищов / 841 / гр. Свищов, ул Алеко Константинов №26","СПАЗМАЛГОН инж разтвор 500мг/2мг/0.02мг 2мл х 5бр","1010211","87","3.25",""
"65766","Аптека Марешки Свищов / 841 / гр. Свищов, ул Алеко Константинов №26","АКНЕ АУТ САПУН 100гр","1011945","83","5.79",""
"65766","Аптека Марешки Свищов / 841 / гр. Свищов, ул Алеко Константинов №26","НАЗИК 50мг/1мг/гр назален спрей за възрастни 10мл","1012415","97","6.53",""
"65766","Аптека Марешки Свищов / 841 / гр. Свищов, ул Алеко Константинов №26","НАЗИК 50мг/0.5мг/гр назален спрей за деца 10мл","1012416","97","4.79",""
"65766","Аптека Марешки Свищов / 841 / гр. Свищов, ул Алеко Константинов №26","ЗЕНАРО табл 5мг х 7бр","1013507","100","3.48",""
"65766","Аптека Марешки Свищов / 841 / гр. Свищов, ул Алеко Константинов №26","ЗЕНАРО табл 5мг х 28бр","1013508","100","9.11",""
"65766","Аптека Марешки Свищов / 841 / гр. Свищов, ул Алеко Константинов №26","ДИАЛГИН сашета 1000мг х 6бр","1015212","96","2.70",""
"65766","Аптека Марешки Свищов / 841 / гр. Свищов, ул Алеко Константинов №26","МИГ 400 филм табл 400мг x 10бр","1015463","94","2.56",""
"65766","Аптека Марешки Свищов / 841 / гр. Свищов, ул Алеко Константинов №26","ДИАЛГИН сашета 1000мг х 20бр","1016016","96","7.65",""
"65766","Аптека Марешки Свищов / 841 / гр. Свищов, ул Алеко Константинов №26","САПУН НИЯ СЕРЕН 60гр","1017365","83","0.78",""
"65766","Аптека Марешки Свищов / 841 / гр. Свищов, ул Алеко Константинов №26","КАФЕТИН МЕНСТРУАЛ филм табл 200мг х 10бр","1019299","94","3.34",""
"65766","Аптека Марешки Свищов / 841 / гр. Свищов, ул Алеко Константинов №26","НУРОФЕН табл 200мг х 24бр","1019521","94","5.30",""
"65766","Аптека Марешки Свищов / 841 / гр. Свищов, ул Алеко Константинов №26","ЙОДАСЕПТ унгв 40гр","1019744","92","2.93",""
"65766","Аптека Марешки Свищов / 841 / гр. Свищов, ул Алеко Константинов №26","НУРОФЕН сироп за деца 40мг/мл -ягода 100мл","1020049","94","5.57",""
"65766","Аптека Марешки Свищов / 841 / гр. Свищов, ул Алеко Константинов №26","БРУФЕН СР табл 800мг.х 30бр","1020323","94","6.65",""
"65766","Аптека Марешки Свищов / 841 / гр. Свищов, ул Алеко Константинов №26","БИЛКОВ ЧАЙ УСПОКОИТЕЛЕН филтър х 20бр","1020946","72","2.27",""
"65766","Аптека Марешки Свищов / 841 / гр. Свищов, ул Алеко Константинов №26","ВОЛТАРЕН ФОРТЕ гел 2,32% 50гр","1021024","95","8.85",""
"65766","Аптека Марешки Свищов / 841 / гр. Свищов, ул Алеко Константинов №26","РУВЕКСИН филм табл 325мг х 100бр/АСПЕРАН/","1021697","96","2.98",""
"65766","Аптека Марешки Свищов / 841 / гр. Свищов, ул Алеко Константинов №26","БРАУНОВИДОН унгвент 100г","1021902","92","5.14",""
"65766","Аптека Марешки Свищов / 841 / гр. Свищов, ул Алеко Константинов №26","ЛОПЕДИУМ капс 2мг х 10бр/НОВА","1022002","89","3.62",""
"65766","Аптека Марешки Свищов / 841 / гр. Свищов, ул Алеко Константинов №26","СТОПЕРАН капс 2мг х 8бр/НОВА","1022006","89","3.21",""
"65766","Аптека Марешки Свищов / 841 / гр. Свищов, ул Алеко Константинов №26","ИМОДИУМ капс 2мг х 6бр/НОВА","1022007","89","3.43",""
"65766","Аптека Марешки Свищов / 841 / гр. Свищов, ул Алеко Константинов №26","ГЪМ ОРТО паста за зъби 75мл","1022071","81","5.21",""
"65766","Аптека Марешки Свищов / 841 / гр. Свищов, ул Алеко Константинов №26","ОТИРЕЛАКС капки за уши 15мл","1022160","101","3.99",""
"65766","Аптека Марешки Свищов / 841 / гр. Свищов, ул Алеко Константинов №26","ЕЛГИДИУМ АНТИПЛАКА ПРОМО паста за зъби 100мл","1022270","81","5.26",""
"65766","Аптека Марешки Свищов / 841 / гр. Свищов, ул Алеко Константинов №26","АЛМИРАЛ ГЕЛ 1,16% 50г","1022666","95","5.35",""
"65766","Аптека Марешки Свищов / 841 / гр. Свищов, ул Алеко Константинов №26","ЛАВЕНА БОЧКО САПУН лавандула 75гр","1022761","83","0.99",""
"65766","Аптека Марешки Свищов / 841 / гр. Свищов, ул Алеко Константинов №26","ЛАВЕНА БОЧКО САПУН невен 75гр","1022769","83","0.91",""
"65766","Аптека Марешки Свищов / 841 / гр. Свищов, ул Алеко Константинов №26","НУРОФЕН ЕКСПРЕС ФОРТЕ меки капс  400мг х 10бр","1023211","94","4.98",""
"65766","Аптека Марешки Свищов / 841 / гр. Свищов, ул Алеко Константинов №26","АЛМИРАЛ гел 1.16% 250гр","1023856","95","13.57",""
"65766","Аптека Марешки Свищов / 841 / гр. Свищов, ул Алеко Константинов №26","НУРОФЕН ФЕМИНА ФОРТЕ филм табл 512мг х 12бр","1024262","94","4.84",""
"65766","Аптека Марешки Свищов / 841 / гр. Свищов, ул Алеко Константинов №26","ЕЛГИДИУМ АНТИПЛАКА паста за зъби ПРОМО 75мл","1024352","81","4.38",""
"65766","Аптека Марешки Свищов / 841 / гр. Свищов, ул Алеко Константинов №26","ФЕЛОРАН ФОРТЕ СОФАРМА гел 5% 40гр","1024454","95","5.15",""
"65766","Аптека Марешки Свищов / 841 / гр. Свищов, ул Алеко Константинов №26","ЕЛГИДИУМ ЧУВСТВИТЕЛНИ ЗЪБИ паста за зъби ПРОМО 75мл","1025497","81","4.58",""
"65766","Аптека Марешки Свищов / 841 / гр. Свищов, ул Алеко Константинов №26","КУРАПРОКС Паста за зъби гел хлорхексидин 0.05 75мл","1025550","81","5.67",""
"65766","Аптека Марешки Свищов / 841 / гр. Свищов, ул Алеко Константинов №26","ИМОДИУМ ИНСТАНТ ородисп табл 2мг х 6бр","1025649","89","4.08",""
"65766","Аптека Марешки Свищов / 841 / гр. Свищов, ул Алеко Константинов №26","ЕЛГИДИУМ ИЗБЕЛВАЩА ПАСТА ЗА ЗЪБИ ПРОМО 75мл","1025662","81","4.09",""
"65766","Аптека Марешки Свищов / 841 / гр. Свищов, ул Алеко Константинов №26","АЦЦ сироп 20мг/мл 100мл","1026426","99","7.07",""
"65766","Аптека Марешки Свищов / 841 / гр. Свищов, ул Алеко Константинов №26","ЕУБИОТИК капс х 20бр","1028054","89","8.77",""
"65766","Аптека Марешки Свищов / 841 / гр. Свищов, ул Алеко Константинов №26","АЦЕЦИС АКУТ сашети 600мг х 10бр","1028067","99","6.75",""
"65766","Аптека Марешки Свищов / 841 / гр. Свищов, ул Алеко Константинов №26","ДИАЛГИН капки 500мг/мл 20мл","1028253","96","4.04",""
"65766","Аптека Марешки Свищов / 841 / гр. Свищов, ул Алеко Константинов №26","ЕЛГИДИУМ ИНСПИРЕЙШЪН четка за зъби медиум","1028728","80","5.41",""
"65766","Аптека Марешки Свищов / 841 / гр. Свищов, ул Алеко Константинов №26","СТРЕПСИЛС ИНТЕНЗИВ спрей 8.75мг/доза разтвор 15мл","1030081","98","7.21",""
"65766","Аптека Марешки Свищов / 841 / гр. Свищов, ул Алеко Константинов №26","ИБУЛЕК сашети 400мг х 10бр","1030132","94","5.40",""
"65766","Аптека Марешки Свищов / 841 / гр. Свищов, ул Алеко Константинов №26","ИБУЛЕК сашети 600мг х 10бр","1030133","94","6.24",""
"65766","Аптека Марешки Свищов / 841 / гр. Свищов, ул Алеко Константинов №26","ЕЛГИДИУМ ДИФЮЖЪН ЧЕТКА ЗА ЗЪБИ МЕДИУМ ПРОМО","1030246","80","3.70",""
"65766","Аптека Марешки Свищов / 841 / гр. Свищов, ул Алеко Константинов №26","ЕЛГИДИУМ АНТИПЛАКА ЧЕТКА ЗА ЗЪБИ МЕДИУМ ПРОМО","1030255","80","4.23",""
"65766","Аптека Марешки Свищов / 841 / гр. Свищов, ул Алеко Константинов №26","АЦЦ еферв табл 600мг х 10бр","1030461","99","7.96",""
"65766","Аптека Марешки Свищов / 841 / гр. Свищов, ул Алеко Константинов №26","ЕКЗОДЕРИЛ крем 1% 30гр","1031358","90","9.42",""
"65766","Аптека Марешки Свищов / 841 / гр. Свищов, ул Алеко Константинов №26","СТРЕПСИЛС ИНТЕНЗИВ пастили х 24бр","1031974","98","7.21",""
"65766","Аптека Марешки Свищов / 841 / гр. Свищов, ул Алеко Константинов №26","АЛМИРАЛ гел 1.16% 100гр","1032078","95","6.95",""
"65766","Аптека Марешки Свищов / 841 / гр. Свищов, ул Алеко Константинов №26","КСИЗАЛ филм табл 5мг х 20бр(Бестамед)","1032706","100","10.30",""
"65766","Аптека Марешки Свищов / 841 / гр. Свищов, ул Алеко Константинов №26","КСИЗАЛ филм табл 5мг х 7бр(Бестамед)","1032816","100","4.04",""
"65766","Аптека Марешки Свищов / 841 / гр. Свищов, ул Алеко Константинов №26","ЕЛГИДИУМ ИНСПИРЕЙШЪН четка за зъби медиум ПРОМО","1033085","80","3.52",""
"65766","Аптека Марешки Свищов / 841 / гр. Свищов, ул Алеко Константинов №26","ХЕКСАЛГИН ДЕЦА сол 500мг/мл 20мл","1033246","96","5.41",""
"65766","Аптека Марешки Свищов / 841 / гр. Свищов, ул Алеко Константинов №26","АНГАЛ МЕНТОЛ табл за смучене 5мг/1мг х 24бр","1033315","98","7.00",""
"65766","Аптека Марешки Свищов / 841 / гр. Свищов, ул Алеко Константинов №26","АНГАЛ МЕНТОЛ спрей за устна лигавица 2мг/мл + 0.5мг/мл 30мл","1033316","98","9.24",""
"65766","Аптека Марешки Свищов / 841 / гр. Свищов, ул Алеко Константинов №26","АНГАЛ ЛИМОН табл за смучене 5мг/1мг х 24бр","1033317","98","7.00",""
"65766","Аптека Марешки Свищов / 841 / гр. Свищов, ул Алеко Константинов №26","ЕЛГИДИУМ АНТИПЛАКА паста за зъби ПРОМО 50мл","1033468","81","3.57",""
"65766","Аптека Марешки Свищов / 841 / гр. Свищов, ул Алеко Константинов №26","КСИВОЗАН филм табл 5мг х 10бр","1033558","100","4.72",""
"65766","Аптека Марешки Свищов / 841 / гр. Свищов, ул Алеко Константинов №26","ИБУПРОМ СПРИНТ МАКС капс 400мг х 10бр","1033579","94","4.77",""
"65766","Аптека Марешки Свищов / 841 / гр. Свищов, ул Алеко Константинов №26","КЕТОНАЛ капс 50мг х 20бр","1033870","94","6.52",""
"65766","Аптека Марешки Свищов / 841 / гр. Свищов, ул Алеко Константинов №26","ДЕНТАИД ВИТИС АНТИКАРИЕС паста за зъби 100мл","1033884","81","5.29",""
"65766","Аптека Марешки Свищов / 841 / гр. Свищов, ул Алеко Константинов №26","ДЕНТАИД ВИТИС ГИНГИВАЛ паста за зъби 100мл","1033885","81","5.29",""
"65766","Аптека Марешки Свищов / 841 / гр. Свищов, ул Алеко Константинов №26","ДИКЛАК МАКС 5% гел 50мг/гр 50гр","1034135","95","7.07",""
"65766","Аптека Марешки Свищов / 841 / гр. Свищов, ул Алеко Константинов №26","МИГ ДЖУНИЪР перорална суспензия 40мг/мл 100мл х 1бр","1034732","94","4.36",""
"65766","Аптека Марешки Свищов / 841 / гр. Свищов, ул Алеко Константинов №26","ДИАЛГИН ДЕЦА капки 500мг/мл 20мл","1034831","96","4.02",""
"65766","Аптека Марешки Свищов / 841 / гр. Свищов, ул Алеко Константинов №26","СТРЕПСИЛС ИНТЕНЗИВ ПОРТОКАЛ без захар табл за смучене х 16бр","1034899","98","4.96",""
"65766","Аптека Марешки Свищов / 841 / гр. Свищов, ул Алеко Константинов №26","ЕЛГИДИУМ УСПОКОЯВАЩА ПАСТА ЗА ЗЪБИ РАЗДРАЗНЕНИ ВЕНЦИ 75мл","1035074","81","6.91",""
"65766","Аптека Марешки Свищов / 841 / гр. Свищов, ул Алеко Константинов №26","ЕЛГИДИУМ КЛИНИК ПЕРИОБЛОК КЕЪР паста за зъби 75мл","1035077","81","6.91",""
"65766","Аптека Марешки Свищов / 841 / гр. Свищов, ул Алеко Константинов №26","ЕЛАКСА ПИКО табл 5мг х 20бр","1035891","88","4.38",""
"65766","Аптека Марешки Свищов / 841 / гр. Свищов, ул Алеко Константинов №26","ОТРИВИН ПЛЮС 1мг/мл + 50мг/мл спрей за нос 0.05% 10мл","1036062","97","6.53",""
"65766","Аптека Марешки Свищов / 841 / гр. Свищов, ул Алеко Константинов №26","ЕЛГИДИУМ ПАСТА ЗА ЗЪБИ РАЗКРИВАЩА ПЛАКАТА 50мл ОС","1036216","81","5.64",""
"65766","Аптека Марешки Свищов / 841 / гр. Свищов, ул Алеко Константинов №26","БЕНАЛГИН РАПИД прах за перорален разтвор х 10бр","1036402","96","3.66",""
"65766","Аптека Марешки Свищов / 841 / гр. Свищов, ул Алеко Константинов №26","КЕТОНАЛ ИНТЕНЗИВ сашети 50мг х 12бр","1036474","94","7.34",""
"65766","Аптека Марешки Свищов / 841 / гр. Свищов, ул Алеко Константинов №26","ЕНТЕРОЛ прах за перорална сусп 250мг х 20бр","1036640","89","12.84",""
"65766","Аптека Марешки Свищов / 841 / гр. Свищов, ул Алеко Константинов №26","ЕНТЕРОЛ капс 250мг х 12бр","1036641","89","6.76",""
"65766","Аптека Марешки Свищов / 841 / гр. Свищов, ул Алеко Константинов №26","ФАРИНГОСЕПТ табл за смучене 8.75мг х 20бр","1036864","98","4.30",""
"65766","Аптека Марешки Свищов / 841 / гр. Свищов, ул Алеко Константинов №26","АНАЛГИН МАКС сашети 1000мг х 20бр","1036936","96","7.32",""
"65766","Аптека Марешки Свищов / 841 / гр. Свищов, ул Алеко Константинов №26","АНАЛГИН МАКС сашети 1000мг х 6бр","1036937","96","2.87",""
"65766","Аптека Марешки Свищов / 841 / гр. Свищов, ул Алеко Константинов №26","ОКЛИС /ЕКСПРЕС/ гранули за перорален р-р сашети 400мг х 20бр","1037039","94","9.20",""
"65766","Аптека Марешки Свищов / 841 / гр. Свищов, ул Алеко Константинов №26","ОКЛИС ФОРТЕ гранули за перорален р-р сашети 600мг х 10бр","1037040","94","6.15",""
"65766","Аптека Марешки Свищов / 841 / гр. Свищов, ул Алеко Константинов №26","ИБУЛЕК ЗА ДЕЦА 100мг/5мл перорална сусп х 120мл","1037617","94","3.71",""
"65766","Аптека Марешки Свищов / 841 / гр. Свищов, ул Алеко Константинов №26","СТРЕПСИЛС ИНТЕНЗИВ МЕД И ЛИМОН спрей 8.75мг/доза разтвор 15мл","1037781","98","7.21",""
"65766","Аптека Марешки Свищов / 841 / гр. Свищов, ул Алеко Константинов №26","ЕЛГИДИУМ КЛИНИК ПЕРИОБЛОК ПРО ПАСТА ЗА ЗЪБИ 50мл","1037937","81","7.19",""
"65766","Аптека Марешки Свищов / 841 / гр. Свищов, ул Алеко Константинов №26","АЦЦ МЕД И ЛИМОН САШЕТИ 600МГ Х 10БР","1037947","99","8.50",""
"65766","Аптека Марешки Свищов / 841 / гр. Свищов, ул Алеко Константинов №26","ЕНТЕРОЛ капс 250мг х 30бр","1038032","89","14.82",""
"65766","Аптека Марешки Свищов / 841 / гр. Свищов, ул Алеко Константинов №26","ОКЛИС /ЕКСПРЕС/ гранули за перорален р-р сашети 400мг х 10бр","1038160","94","5.34",""
"65766","Аптека Марешки Свищов / 841 / гр. Свищов, ул Алеко Константинов №26","ЛАКАЛУТ АКТИВ СЕНЗИТИВ паста за зъби 75мл","1038413","81","4.54",""
"65766","Аптека Марешки Свищов / 841 / гр. Свищов, ул Алеко Константинов №26","ПСИЛО - БАЛСАМ гел 1% 50гр","1038455","91","8.21",""
"65766","Аптека Марешки Свищов / 841 / гр. Свищов, ул Алеко Константинов №26","ПАНАКТИВ БЕЙБИ 125мг супозитории х 5бр","1038798","94","3.26",""
"65766","Аптека Марешки Свищов / 841 / гр. Свищов, ул Алеко Константинов №26","КЕТАЛГО гранули за перорален р-р в сашети 50мг х 6бр","1038816","94","4.12",""
"65766","Аптека Марешки Свищов / 841 / гр. Свищов, ул Алеко Константинов №26","ДИАРИД ПРО табл 2мг х 10бр","1039091","89","2.87",""
"65766","Аптека Марешки Свищов / 841 / гр. Свищов, ул Алеко Константинов №26","ЕЛГИДИУМ МУЛТИ ЕКШЪН паста за зъби ПРОМО 75 мл","1039140","81","4.93",""
"65766","Аптека Марешки Свищов / 841 / гр. Свищов, ул Алеко Константинов №26","НИЗОРАЛ шампоан 2% 100мл","1039141","90","13.46",""
"65766","Аптека Марешки Свищов / 841 / гр. Свищов, ул Алеко Константинов №26","КСИЛОДЕКС 1мг/мл + 50мг/мл спрей за нос разтвор 10мл","1039190","97","4.79",""
"65766","Аптека Марешки Свищов / 841 / гр. Свищов, ул Алеко Константинов №26","КСИЛОДЕКС 0.5мг/мл + 50мг/мл спрей за нос разтвор 10мл","1039239","97","4.39",""
"65766","Аптека Марешки Свищов / 841 / гр. Свищов, ул Алеко Константинов №26","ЕНТЕРОЛ прах за перорална сусп 250мг х 6бр","1039305","89","4.37",""
"65766","Аптека Марешки Свищов / 841 / гр. Свищов, ул Алеко Константинов №26","АНГАЛ ЛИМОН спрей за устна лигавица 2мг/мл + 0.5мг/мл х 30мл","1039306","98","8.64",""
"65766","Аптека Марешки Свищов / 841 / гр. Свищов, ул Алеко Константинов №26","АНГАЛ МЕД табл за смучене 5мг/1мг х 24бр","1039307","98","6.07",""
"65766","Аптека Марешки Свищов / 841 / гр. Свищов, ул Алеко Константинов №26","КЪРПИ МОКРИ ЗА БЕБЕ ВМ с капак х 72бр","1039443","84","1.12",""
"65766","Аптека Марешки Свищов / 841 / гр. Свищов, ул Алеко Константинов №26","НУРОФЕН ФОРТЕ табл 400мг х 24бр","1039668","94","7.26",""
"65766","Аптека Марешки Свищов / 841 / гр. Свищов, ул Алеко Константинов №26","КЕТОФЛЕКС инж разтвор 50мг/мл 2мл х 10бр","1040004","94","9.45",""
"65766","Аптека Марешки Свищов / 841 / гр. Свищов, ул Алеко Константинов №26","МИЛОФЕН КИДС перорална сусп 20мг/мл 100мл","1040188","94","3.51",""
"65766","Аптека Марешки Свищов / 841 / гр. Свищов, ул Алеко Константинов №26","ИБУПРОМ СПРИНТ МАКС капс 400мг х 20бр","1040342","94","8.08",""
"65766","Аптека Марешки Свищов / 841 / гр. Свищов, ул Алеко Константинов №26","КСАЛЕРГАН 5мг/мл перорални капки разтвор 20 мл","1040383","100","4.86",""
"65766","Аптека Марешки Свищов / 841 / гр. Свищов, ул Алеко Константинов №26","ХЕКСОРАЛЕТЕН Н табл за смучене 16бр","1040461","98","5.75",""
"65766","Аптека Марешки Свищов / 841 / гр. Свищов, ул Алеко Константинов №26","ЛАКАЛУТ ПЪРФЕКТ УАЙТ паста за зъби 75мл","1040625","81","3.59",""
"65766","Аптека Марешки Свищов / 841 / гр. Свищов, ул Алеко Константинов №26","ДИКЛАК МАКС 5% гел 150гр","1040706","95","14.38",""
"65766","Аптека Марешки Свищов / 841 / гр. Свищов, ул Алеко Константинов №26","ЛАКАЛУТ МУЛТИ ЕФЕКТ ПЛЮС паста за зъби 75мл","1040858","81","3.59",""
"65766","Аптека Марешки Свищов / 841 / гр. Свищов, ул Алеко Константинов №26","ИБУЛЕК сашети 200мг х 10бр","1040997","94","4.05",""
"65766","Аптека Марешки Свищов / 841 / гр. Свищов, ул Алеко Константинов №26","ВОЛТАРЕН ЕМУЛГЕЛ гел 1.16% 100 г","1041032","95","9.51",""
"65766","Аптека Марешки Свищов / 841 / гр. Свищов, ул Алеко Константинов №26","ФЕЛОРАН ФОРТЕ СОФАРМА гел 5% 120гр","1041093","95","8.06",""
"65766","Аптека Марешки Свищов / 841 / гр. Свищов, ул Алеко Константинов №26","АЛЕРГОЗАН крем 1% 60гр","1041094","91","7.39",""
"65766","Аптека Марешки Свищов / 841 / гр. Свищов, ул Алеко Константинов №26","ФЕЛОРАН СОФАРМА гел 1% 120гр","1041133","95","6.93",""
"65766","Аптека Марешки Свищов / 841 / гр. Свищов, ул Алеко Константинов №26","ЕЛГИДИУМ ТАЙМЕР ПАСТА ЗА ЗЪБИ 50мл/Промо","1041139","81","3.75",""
"65766","Аптека Марешки Свищов / 841 / гр. Свищов, ул Алеко Константинов №26","ЕЛГИДИУМ КЛИНИК СЕНСИЛИЙВ паста за зъби 50мл","1041158","81","6.48",""
"65766","Аптека Марешки Свищов / 841 / гр. Свищов, ул Алеко Константинов №26","РЕСПИФОРТИН ефф табл 600мг х 10бр","1041318","99","7.09",""
"65766","Аптека Марешки Свищов / 841 / гр. Свищов, ул Алеко Константинов №26","ПАРАБОЛ МАКС меки капс 400мг х 10бр","1041397","94","4.79",""
"65766","Аптека Марешки Свищов / 841 / гр. Свищов, ул Алеко Константинов №26","ОРОФАР МИНТ пресовани табл за смучене х 24бр","1041706","98","6.04",""
"65766","Аптека Марешки Свищов / 841 / гр. Свищов, ул Алеко Константинов №26","ИБУПРОМ ФОРТЕ филм табл 400мг х 12бр","1041707","94","3.37",""
"65766","Аптека Марешки Свищов / 841 / гр. Свищов, ул Алеко Константинов №26","ДИКЛАК 12 часа гел 23,2мг/г 50гр","1041923","95","7.42",""
"65766","Аптека Марешки Свищов / 841 / гр. Свищов, ул Алеко Константинов №26","ЛАКАЛУТ СЕНЗИТИВ паста за зъби 75мл","1042051","81","3.30",""
"65766","Аптека Марешки Свищов / 841 / гр. Свищов, ул Алеко Константинов №26","МОБИЛАТ емулгел 2.32% 50г","1042055","95","8.30",""
"65766","Аптека Марешки Свищов / 841 / гр. Свищов, ул Алеко Константинов №26","БУСКОЛИЗИН обвити табл 10мг х 30бр","1042116","87","3.64",""
"65766","Аптека Марешки Свищов / 841 / гр. Свищов, ул Алеко Константинов №26","ОРОФАР ИНТЕНС спрей 15мл","1042241","98","7.78",""
"65766","Аптека Марешки Свищов / 841 / гр. Свищов, ул Алеко Константинов №26","ОЛИНТ ДУО спрей за нос 1мг/мл + 50мг/мл 10мл","1042282","97","6.18",""
"65766","Аптека Марешки Свищов / 841 / гр. Свищов, ул Алеко Константинов №26","ДУЛКОЛАКС супозитории 10мг х 6бр","1042352","88","5.58",""
"65766","Аптека Марешки Свищов / 841 / гр. Свищов, ул Алеко Константинов №26","ДЕНТАИД ВИТИС АЛОЕ паста за зъби 100мл/Промо","1042477","81","5.29",""
"65766","Аптека Марешки Свищов / 841 / гр. Свищов, ул Алеко Константинов №26","КЕТАЛГО филм табл 25мг х 10бр","1042726","94","4.72",""
"65766","Аптека Марешки Свищов / 841 / гр. Свищов, ул Алеко Константинов №26","ВОЛТАРЕН лечебен пластир 140мг х 5бр","1042949","95","16.67",""
"65766","Аптека Марешки Свищов / 841 / гр. Свищов, ул Алеко Константинов №26","МЕНТОЛОВ СПИРТ ХИМАКС 100мл","1043259","92","0.99",""
"65766","Аптека Марешки Свищов / 841 / гр. Свищов, ул Алеко Константинов №26","ЕНТЕРОЛ ФОРТЕ прах за перорална сусп 500мг х 10бр","1043937","89","9.26",""
"65766","Аптека Марешки Свищов / 841 / гр. Свищов, ул Алеко Константинов №26","ПАРАБОЛ МАКС меки капс 400мг х 20бр","1043939","94","8.04",""
"65766","Аптека Марешки Свищов / 841 / гр. Свищов, ул Алеко Константинов №26","НУРОФЕН ЕКСПРЕС ФОРТЕ компакт меки капс х 10бр","1044060","94","5.30",""
"65766","Аптека Марешки Свищов / 841 / гр. Свищов, ул Алеко Константинов №26","ЕФИЗОЛ ИНТЕНЗ табл за смучене 8.75мг х 24бр","1044197","98","6.46",""
"65766","Аптека Марешки Свищов / 841 / гр. Свищов, ул Алеко Константинов №26","СЕНСОДИН КАВИТИ + СЕНСИТИВИТИ паста за зъби 75мл","1044201","81","5.17","3.62"
"65766","Аптека Марешки Свищов / 841 / гр. Свищов, ул Алеко Константинов №26","МОБИЛАТ емулгел 2.32% 180г","1044353","95","18.70",""
"65766","Аптека Марешки Свищов / 841 / гр. Свищов, ул Алеко Константинов №26","ЕФИЗОЛ ИНТЕНЗ спрей за уста 8.75мг/доза 15мл","1044808","98","7.27",""
"65766","Аптека Марешки Свищов / 841 / гр. Свищов, ул Алеко Константинов №26","БИОПРОГРАМА ЧАЙ АЛПИНИСТ","142070054","72","0.85",""
"65766","Аптека Марешки Свищов / 841 / гр. Свищов, ул Алеко Константинов №26","БИОПРОГРАМА ЧАЙ ЛАЙКА","142070055","72","0.96",""
"65766","Аптека Марешки Свищов / 841 / гр. Свищов, ул Алеко Константинов №26","БИОПРОГРАМА ЧАЙ ЛИПОВ ЦВЯТ","14207007","72","2.26",""
"65766","Аптека Марешки Свищов / 841 / гр. Свищов, ул Алеко Константинов №26","БИОПРОГРАМА ЧАЙ ВЪЛШЕБНИК","142070082","72","1.25",""
"65766","Аптека Марешки Свищов / 841 / гр. Свищов, ул Алеко Константинов №26","БИОПРОГРАМА ЧАЙ ГОРСКИ КЪТ","142070083","72","1.24",""
"65766","Аптека Марешки Свищов / 841 / гр. Свищов, ул Алеко Константинов №26","БИОПРОГРАМА ЧАЙ СЕНА","14207011","72","0.95",""
"65766","Аптека Марешки Свищов / 841 / гр. Свищов, ул Алеко Константинов №26","БИЛКОВ ЧАЙ БЕБЕЗАН филтър х 20бр","14307005","72","2.26",""
"65766","Аптека Марешки Свищов / 841 / гр. Свищов, ул Алеко Константинов №26","ЕТИЛОВ СПИРТ 95% 1л","20000028","92","6.29",""
"65766","Аптека Марешки Свищов / 841 / гр. Свищов, ул Алеко Константинов №26","БИОПРОГРАМА ЧАЙ БАБИНИ ЗЪБИ","20000196","72","1.69",""
"65766","Аптека Марешки Свищов / 841 / гр. Свищов, ул Алеко Константинов №26","ДУЛКОЛАКС ПИКО капки 7.5мг 15мл","2000063","88","5.75",""
"65766","Аптека Марешки Свищов / 841 / гр. Свищов, ул Алеко Константинов №26","ЕТИЛОВ СПИРТ 70% 1л","20000996","92","5.23",""
"65766","Аптека Марешки Свищов / 841 / гр. Свищов, ул Алеко Константинов №26","КЕТОКОНАЗОЛ/КЕТОЗАЛ/ шампоан 60мл","29001028","90","6.81",""
"65766","Аптека Марешки Свищов / 841 / гр. Свищов, ул Алеко Константинов №26","БИОПРОГРАМА чай за диабетици с канела","3000346","72","0.99",""
"65766","Аптека Марешки Свищов / 841 / гр. Свищов, ул Алеко Константинов №26","ИМОМЕД табл 2мг x 10бр","4100000406","89","2.38",""
"65766","Аптека Марешки Свищов / 841 / гр. Свищов, ул Алеко Константинов №26","ЕЛГИДИУМ АНТИ-ПЛАКА АНТИПЛАКОВА ПАСТА ЗА ЗЪБИ 100мл","50000300","81","6.76",""
"65766","Аптека Марешки Свищов / 841 / гр. Свищов, ул Алеко Константинов №26","БИОПРОГРАМА ЧАЙ БИОГАСТРО/ЧАЙ ЗА СТОМАХ","50000954","72","0.99",""
"65766","Аптека Марешки Свищов / 841 / гр. Свищов, ул Алеко Константинов №26","САНИЕ БИЛКОВ ЧАЙ ЗА ОТСЛАБВАНЕ КИТАЙ х 30бр класик","7000011","72","3.88",""
"65766","Аптека Марешки Свищов / 841 / гр. Свищов, ул Алеко Константинов №26","КСИЗАЛ сол 5мг/мл 20мл","7000425","100","4.93",""
"65766","Аптека Марешки Свищов / 841 / гр. Свищов, ул Алеко Константинов №26","САНИЕ БИЛКОВ ЧАЙ ЗА ОТСЛАБВАНЕ КИТАЙ/с бамбукови връхчета/х 30бр","9000120","72","4.27",""
"65766","Аптека Марешки Свищов / 841 / гр. Свищов, ул Алеко Константинов №26","БИОПРОГРАМА чай БИОБРОНХО","9000153","72","0.99",""
"65766","Аптека Марешки Свищов / 841 / гр. Свищов, ул Алеко Константинов №26","АЛЕРГОЗАН табл 25мг х 20бр","9020001","100","3.73",""
"65766","Аптека Марешки Свищов / 841 / гр. Свищов, ул Алеко Константинов №26","АЛЕРГОЗАН крем 1% 18гр","9021003","91","4.08",""
"65766","Аптека Марешки Свищов / 841 / гр. Свищов, ул Алеко Константинов №26","ФУРОТАЛГИН разтвор 5мл","9021024","101","5.82",""
"65766","Аптека Марешки Свищов / 841 / гр. Свищов, ул Алеко Константинов №26","БИЗАКОДИЛ супозитории 10мг х 6бр","9021082","88","2.86",""
"65766","Аптека Марешки Свищов / 841 / гр. Свищов, ул Алеко Константинов №26","АЛЕРГОЗАН инж разтвор 10мг/мл 2мл х 10бр","9022003","100","11.09",""
"65766","Аптека Марешки Свищов / 841 / гр. Свищов, ул Алеко Константинов №26","АНАЛГИН инж разтвор 500мг/мл 2мл х 10бр","9022005","96","6.94",""
"65766","Аптека Марешки Свищов / 841 / гр. Свищов, ул Алеко Константинов №26","БУСКОЛИЗИН инж разтвор 20мг/мл 1мл х 10бр","9022010","87","7.44",""
"65766","Аптека Марешки Свищов / 841 / гр. Свищов, ул Алеко Константинов №26","БЕНАЛГИН табл 500мг х 20бр","9030014","96","2.65",""
"65766","Аптека Марешки Свищов / 841 / гр. Свищов, ул Алеко Константинов №26","БИЗАЛАКС филм табл 5мг х 30бр","9030016","88","2.21",""
"65766","Аптека Марешки Свищов / 841 / гр. Свищов, ул Алеко Константинов №26","СПАЗМАЛГОН табл х 20бр","9030104","87","3.61",""
"65766","Аптека Марешки Свищов / 841 / гр. Свищов, ул Алеко Константинов №26","АЦЕТИЗАЛ табл 500мг х 20бр","9030167","96","1.34",""
"65766","Аптека Марешки Свищов / 841 / гр. Свищов, ул Алеко Константинов №26","ПРОАЛГИН табл 500мг х 20бр","9030171","96","1.10",""
"65766","Аптека Марешки Свищов / 841 / гр. Свищов, ул Алеко Константинов №26","АЛМАГЕЛ суспензия 170мл","9040001","86","2.34",""
"65766","Аптека Марешки Свищов / 841 / гр. Свищов, ул Алеко Константинов №26","АЛМАГЕЛ А АКТАВИС сусп 170мл","9040002","86","3.87",""
"65766","Аптека Марешки Свищов / 841 / гр. Свищов, ул Алеко Константинов №26","ЙОДАСЕПТ унгв 90гр","9040085","92","4.27",""
"65766","Аптека Марешки Свищов / 841 / гр. Свищов, ул Алеко Константинов №26","БИЛКОВ ЧАЙ БРОНХОЛИН филтър х 20бр","99901017","72","2.26",""
"65766","Аптека Марешки Свищов / 841 / гр. Свищов, ул Алеко Константинов №26","ОТИПАКС капки за уши","BIOC001","101","3.91",""
"65766","Аптека Марешки Свищов / 841 / гр. Свищов, ул Алеко Константинов №26","НУРОФЕН СИРОП ЗА ДЕЦА С ВКУС НА ПОРТОКАЛ 100мг/5мл 100мл","BOO0006","94","4.04",""
"65766","Аптека Марешки Свищов / 841 / гр. Свищов, ул Алеко Константинов №26","НУРОФЕН табл 200мг х 12бр","BOO0007","94","3.27",""
"65766","Аптека Марешки Свищов / 841 / гр. Свищов, ул Алеко Константинов №26","НУРОФЕН СТОПКОЛД табл х 12бр","BOO0008","94","4.27",""
"65766","Аптека Марешки Свищов / 841 / гр. Свищов, ул Алеко Константинов №26","НУРОФЕН ФОРТЕ табл 400мг х 12бр","BOON0011","94","4.19",""
"65766","Аптека Марешки Свищов / 841 / гр. Свищов, ул Алеко Константинов №26","ЕТИЛОВ СПИРТ 90% 100мл","BUR0011","92","0.94",""
"65766","Аптека Марешки Свищов / 841 / гр. Свищов, ул Алеко Константинов №26","ЛАВАНДУЛОВ СПИРТ 1л","BUR0026","92","8.17",""
"65766","Аптека Марешки Свищов / 841 / гр. Свищов, ул Алеко Константинов №26","ХЕКСАЛГИН сол.500мг/мл  - 20мл","HEXA025","96","5.19",""
"65766","Аптека Марешки Свищов / 841 / гр. Свищов, ул Алеко Константинов №26","ФЛЕКСИСТАД филм табл 400мг х 20бр","MF156","94","4.26",""
"65766","Аптека Марешки Свищов / 841 / гр. Свищов, ул Алеко Константинов №26","ФЛЕКСИСТАД филм табл 600мг х 20бр","MF157","94","6.26",""
"65766","Аптека Марешки Свищов / 841 / гр. Свищов, ул Алеко Константинов №26","ФЛЕКСИСТАД филм табл 800мг х 20бр","MF179","94","7.04",""
"65766","Аптека Марешки Свищов / 841 / гр. Свищов, ул Алеко Константинов №26","АЦЦ сашети 200мг х 20бр","RF083","99","6.69",""
